generation,individual_id,l0_size,accuracy_on_full,f1_macro_on_full,num_tokens,num_distinct_tokens,num_classes_in_l0,most_frequent_class_in_l0,l0_indices_hash,fitness_calc_time_sec
1,0,100,0.230262,0.034224,544,448,67,biscoito,5ad4078c37,3.1693
1,1,100,0.256158,0.035129,559,462,70,cerveja,565ac033b5,3.0780
1,2,100,0.263387,0.031045,549,443,60,iogurte,5c4230e200,2.9950
1,3,100,0.227733,0.031284,546,461,72,iogurte,f56e26fb65,2.9134
1,4,100,0.246399,0.034140,552,455,66,biscoito,8326d81b74,3.4009
1,5,100,0.259113,0.034133,556,467,65,biscoito,50be5b8b99,2.6888
1,6,100,0.226481,0.033314,558,432,69,iogurte,dd5c2536b5,2.9363
1,7,100,0.226108,0.029468,543,443,67,biscoito,745693c719,3.1061
1,8,100,0.227054,0.032767,554,464,68,iogurte,836cba1804,2.8689
1,9,100,0.271003,0.039095,550,453,70,suco pronto,b4d028c459,3.0866
1,10,100,0.254680,0.038582,549,455,75,sabonete,7529a1a68c,2.9147
1,11,100,0.242950,0.036109,554,467,68,cerveja,1241a4b731,3.0078
1,12,100,0.251924,0.036330,574,447,71,chocolate,e6baa43d4b,2.9223
1,13,100,0.235348,0.032417,569,462,66,azeitona,39cd296f8f,2.9855
1,14,100,0.243549,0.031242,570,452,64,biscoito,803952ad49,2.7260
1,15,100,0.278418,0.039548,564,470,67,biscoito,ccef3f619c,3.3391
1,16,100,0.236400,0.031238,546,435,68,biscoito,619c2ad9b2,2.8343
1,17,100,0.267634,0.037197,569,476,71,biscoito,8bc2f09dd8,3.1359
1,18,100,0.263786,0.033236,545,440,63,biscoito,31ce32b24b,2.7497
1,19,100,0.215590,0.029549,552,456,68,suco pronto,cbab475bfe,3.0362
1,20,100,0.260138,0.036826,554,465,63,suco pronto,bb32b9b164,2.7276
1,21,100,0.245573,0.035838,556,460,67,biscoito,ffd4428a33,3.3238
1,22,100,0.251445,0.033513,575,469,70,chocolate,fd84a80a88,3.0386
1,23,100,0.241273,0.034387,541,431,66,biscoito,45bedad56f,2.6542
1,24,100,0.259033,0.033726,534,428,63,biscoito,e720bcd5f9,3.0263
1,25,100,0.249328,0.034653,559,464,66,chocolate,77be16ec13,3.0627
1,26,100,0.212049,0.032976,544,452,72,padaria e confeitaria industrializado,6027e11b80,5.1639
1,27,100,0.240194,0.033965,549,455,72,chocolate,18c4b821fa,5.1298
1,28,100,0.252763,0.031182,557,437,65,biscoito,a31d712f26,2.9348
1,29,100,0.270590,0.037141,572,484,72,biscoito,34cf2d4fba,2.9822
1,30,100,0.241060,0.036599,537,440,72,sabonete,21c66176e6,3.0094
1,31,100,0.202996,0.029204,532,419,67,iogurte,8072557ece,3.0135
1,32,100,0.231447,0.034077,560,449,70,iogurte,f52db9d8a1,2.9829
1,33,100,0.241872,0.037949,535,456,68,biscoito,8b290f11f2,2.9001
1,34,100,0.229756,0.033141,556,453,73,iogurte,839d2215fc,2.9155
1,35,100,0.269445,0.033756,552,453,66,chocolate,dbea86a473,3.1181
1,36,100,0.259393,0.035093,565,464,65,chocolate,3429799e5d,2.9698
1,37,100,0.230435,0.037471,553,450,72,biscoito,ef0c81a552,3.0211
1,38,100,0.246092,0.036883,539,452,71,outro farma,e7c4dbd0f6,2.7393
1,39,100,0.249061,0.034919,548,453,70,padaria e confeitaria industrializado,c63084c206,2.8300
1,40,100,0.226361,0.033839,579,488,75,biscoito,63dffde21a,3.2444
1,41,100,0.196232,0.032140,521,427,72,biscoito,87acfa18ee,2.9861
1,42,100,0.241552,0.034264,568,464,69,biscoito,f992eea214,2.7709
1,43,100,0.228252,0.028870,533,435,67,biscoito,da0946fc81,2.8678
1,44,100,0.242631,0.032293,545,445,68,biscoito,9780b74a47,2.8819
1,45,100,0.201771,0.032901,541,426,71,biscoito,fd4efb358f,3.1209
1,46,100,0.247663,0.035883,548,466,72,chocolate,3d81ba82b9,3.0875
1,47,100,0.279297,0.035788,542,445,63,biscoito,6d0d0bd9d4,2.6386
1,48,100,0.236640,0.032145,565,457,70,biscoito,df4a23aee9,2.9758
1,49,100,0.254973,0.040032,546,444,73,biscoito,24dfb1d17e,2.8641
2,0,100,0.228252,0.028870,533,435,67,biscoito,da0946fc81,2.8678
2,1,100,0.202996,0.029204,532,419,67,iogurte,8072557ece,3.0135
2,2,100,0.226108,0.029468,543,443,67,biscoito,745693c719,3.1061
2,3,100,0.215590,0.029549,552,456,68,suco pronto,cbab475bfe,3.0362
2,4,100,0.263387,0.031045,549,443,60,iogurte,5c4230e200,2.9950
2,5,100,0.222527,0.029542,539,448,69,biscoito,ebfd5d0037,3.5129
2,6,100,0.258874,0.033991,549,446,69,biscoito,387360963a,3.2116
2,7,100,0.215590,0.029549,552,456,68,suco pronto,cbab475bfe,3.0362
2,8,100,0.228252,0.028870,533,435,67,biscoito,da0946fc81,2.8678
2,9,100,0.202996,0.029204,532,419,67,iogurte,8072557ece,3.0135
2,10,100,0.202996,0.029204,532,419,67,iogurte,8072557ece,3.0135
2,11,100,0.211516,0.028424,543,437,64,iogurte,9b3f8ea143,3.2009
2,12,100,0.246958,0.036226,522,433,71,iogurte,99277a67ea,2.8654
2,13,100,0.228252,0.028870,533,435,67,iogurte,da0946fc81,2.8678
2,14,100,0.228252,0.028870,533,435,67,iogurte,da0946fc81,2.8678
2,15,100,0.242298,0.032894,556,461,67,iogurte,b37f48c981,3.2536
2,16,100,0.252789,0.034754,543,430,65,biscoito,d0a31a17a2,3.7836
2,17,100,0.243257,0.034630,540,431,66,biscoito,0268ca6887,3.7057
2,18,100,0.223978,0.032970,561,449,70,iogurte,c06bb6ac98,3.2842
2,19,100,0.219691,0.033956,540,434,72,biscoito,fd634a1386,3.0001
2,20,100,0.229463,0.030356,527,455,71,iogurte,fd3dd91e3b,2.2015
2,21,100,0.251911,0.033051,555,447,66,iogurte,a436045693,1.8972
2,22,100,0.273293,0.032549,537,427,59,biscoito,fabe1dcacf,1.8238
2,23,100,0.236879,0.031341,548,434,68,cafe,4b6ad76951,1.8158
2,24,100,0.248649,0.030146,555,435,64,biscoito,8aca72a131,1.7832
2,25,100,0.233431,0.029732,563,449,66,biscoito,e7045b4337,1.7861
2,26,100,0.227972,0.033191,563,451,72,lava roupas,8f580146cb,1.7983
2,27,100,0.219412,0.033609,528,434,71,refrigerante,e3223799cb,1.9515
2,28,100,0.218999,0.029204,545,453,70,outro farma,c3e4a99ea4,1.9898
2,29,100,0.211357,0.028565,561,459,69,desodorante,89fec1587c,1.9732
2,30,100,0.275756,0.033113,561,451,64,chocolate,a419e2751d,1.7755
2,31,100,0.227453,0.028543,531,434,65,iogurte,2e5300a99e,1.7973
2,32,100,0.216855,0.032618,571,458,72,cafe,7fccd90752,1.8283
2,33,100,0.248183,0.030059,549,432,61,biscoito,2f84e52587,1.8328
2,34,100,0.239422,0.035409,528,441,74,outro farma,42d44913e7,1.7559
2,35,100,0.238424,0.030133,543,453,67,iogurte,6b0a88c9fb,1.8700
2,36,100,0.236799,0.032354,555,454,72,outro farma,4e6468a4f6,1.8534
2,37,100,0.229197,0.031321,531,437,68,iogurte,3daa476507,1.8824
2,38,100,0.240434,0.031681,547,440,67,biscoito,4725c8be16,1.8077
2,39,100,0.256224,0.034073,557,452,61,biscoito,fb2c8300b5,1.9041
2,40,100,0.238850,0.033066,556,459,67,lava roupas,6f600fcab3,1.7010
2,41,100,0.231008,0.033057,567,458,68,cafe,ce621cdf51,1.8979
2,42,100,0.212262,0.029539,534,419,66,iogurte,983e572f67,1.8256
2,43,100,0.231048,0.031892,561,454,69,iogurte,b20ea90556,1.9034
2,44,100,0.210904,0.032611,551,471,74,biscoito,c9cafd5213,1.8065
2,45,100,0.227054,0.032767,554,464,68,iogurte,836cba1804,2.8689
2,46,100,0.212049,0.032976,544,452,72,padaria e confeitaria industrializado,6027e11b80,5.1639
2,47,100,0.252057,0.030673,557,446,59,chocolate,3b51cd902c,1.7787
2,48,100,0.241912,0.031270,558,444,66,biscoito,3a983b35eb,1.7993
2,49,100,0.246013,0.033361,556,457,70,biscoito,09a97f2d70,1.7350
3,0,100,0.211516,0.028424,543,437,64,iogurte,9b3f8ea143,3.2009
3,1,100,0.227453,0.028543,531,434,65,iogurte,2e5300a99e,1.7973
3,2,100,0.211357,0.028565,561,459,69,desodorante,89fec1587c,1.9732
3,3,100,0.228252,0.028870,533,435,67,biscoito,da0946fc81,2.8678
3,4,100,0.228252,0.028870,533,435,67,biscoito,da0946fc81,2.8678
3,5,100,0.253135,0.028026,539,430,57,biscoito,c97367b3b0,1.9422
3,6,100,0.253269,0.033847,534,437,69,macarrao,cd9fc40b65,1.8526
3,7,100,0.228252,0.028870,533,435,67,biscoito,da0946fc81,2.8678
3,8,100,0.210904,0.032611,551,471,74,biscoito,c9cafd5213,1.8065
3,9,100,0.265624,0.036795,559,454,72,iogurte,5bc395a3d2,1.7860
3,10,100,0.262175,0.028246,551,440,58,biscoito,0143acc573,1.7764
3,11,100,0.201185,0.029789,532,430,75,iogurte,89ac41e47b,2.0279
3,12,100,0.245613,0.029885,532,420,64,iogurte,bb2036ec22,1.7879
3,13,100,0.229277,0.028497,531,427,62,cafe,484820d762,1.9449
3,14,100,0.246585,0.032258,567,448,69,biscoito,0fe4752797,1.8221
3,15,100,0.199973,0.025285,555,445,68,refrigerante,29611f4c60,2.8535
3,16,100,0.266795,0.038235,523,432,71,iogurte,c7711fb0fa,2.5938
3,17,100,0.228252,0.028870,533,435,67,iogurte,da0946fc81,2.8678
3,18,100,0.228252,0.028870,533,435,67,iogurte,da0946fc81,2.8678
3,19,100,0.233884,0.030087,529,425,63,iogurte,0cb42b4f76,2.6834
3,20,100,0.215444,0.028794,546,440,72,refrigerante,eb8ab6f597,2.2881
3,21,100,0.238424,0.030133,543,453,67,iogurte,6b0a88c9fb,1.8700
3,22,100,0.240434,0.031681,547,440,67,biscoito,4725c8be16,1.8077
3,23,100,0.218093,0.028580,540,434,63,iogurte,0d4337be40,2.2284
3,24,100,0.201012,0.028758,532,416,67,iogurte,e61daf43c5,2.0987
3,25,100,0.219691,0.033956,540,434,72,biscoito,fd634a1386,3.0001
3,26,100,0.211357,0.028565,561,459,69,desodorante,89fec1587c,1.9732
3,27,100,0.254041,0.033127,516,424,65,iogurte,c8b6107ea4,2.1711
3,28,100,0.182412,0.026827,547,438,70,iogurte,dea8677e55,2.2332
3,29,100,0.224231,0.028323,537,433,63,biscoito,dd6814c133,2.1416
3,30,100,0.221795,0.029552,532,436,67,iogurte,09df2dc395,2.1452
3,31,100,0.253908,0.031663,562,445,63,biscoito,fcbe87d0a1,2.1509
3,32,100,0.221608,0.028776,553,461,69,chocolate,b364d03a77,2.4074
3,33,100,0.231700,0.028521,545,444,64,biscoito,fa0cf92c7d,2.1831
3,34,100,0.238197,0.031510,551,453,65,chocolate,c037d862d1,2.1792
3,35,100,0.230089,0.030642,556,453,71,sabonete,ea6264917e,2.2156
3,36,100,0.232752,0.030421,533,435,68,biscoito,e0ed77f693,2.0579
3,37,100,0.244335,0.031396,558,459,68,alimento pet,12549a9ee4,2.1506
3,38,100,0.271335,0.033423,564,460,67,chocolate,5e188572b5,2.0656
3,39,100,0.202996,0.029204,532,419,67,iogurte,8072557ece,3.0135
3,40,100,0.202996,0.029204,532,419,67,iogurte,8072557ece,3.0135
3,41,100,0.231487,0.030653,547,460,70,outro farma,98dc87f2f7,2.1728
3,42,100,0.232366,0.031152,542,450,68,iogurte,efa3af4f1e,2.0797
3,43,100,0.228252,0.028870,533,435,67,iogurte,da0946fc81,2.8678
3,44,100,0.211357,0.028565,561,459,69,desodorante,89fec1587c,1.9732
3,45,100,0.229463,0.030356,527,455,71,iogurte,fd3dd91e3b,2.2015
3,46,100,0.229463,0.030356,527,455,71,iogurte,fd3dd91e3b,2.2015
3,47,100,0.211357,0.028565,561,459,69,desodorante,89fec1587c,1.9732
3,48,100,0.211357,0.028565,561,459,69,desodorante,89fec1587c,1.9732
3,49,100,0.241566,0.032910,543,440,72,biscoito,dcf911b301,2.1781
4,0,100,0.199973,0.025285,555,445,68,refrigerante,29611f4c60,2.8535
4,1,100,0.182412,0.026827,547,438,70,iogurte,dea8677e55,2.2332
4,2,100,0.253135,0.028026,539,430,57,biscoito,c97367b3b0,1.9422
4,3,100,0.262175,0.028246,551,440,58,biscoito,0143acc573,1.7764
4,4,100,0.224231,0.028323,537,433,63,biscoito,dd6814c133,2.1416
4,5,100,0.241725,0.025536,559,447,62,biscoito,5c586db3d9,2.4300
4,6,100,0.231394,0.030073,553,450,66,iogurte,8b70dcccb2,2.2156
4,7,100,0.228252,0.028870,533,435,67,iogurte,da0946fc81,2.8678
4,8,100,0.228252,0.028870,533,435,67,iogurte,da0946fc81,2.8678
4,9,100,0.226628,0.030435,545,460,70,iogurte,a8f67ace27,2.1792
4,10,100,0.238570,0.031201,558,458,68,desodorante,08bd64b462,2.0163
4,11,100,0.229730,0.029722,557,451,69,biscoito,49e4a07f9f,2.3382
4,12,100,0.210624,0.030658,536,443,70,iogurte,0a2ca0302a,2.1050
4,13,100,0.220716,0.029220,533,429,66,iogurte,fa16a76be4,2.1659
4,14,100,0.224897,0.028939,528,427,66,biscoito,4001721dc7,2.2370
4,15,100,0.210385,0.026962,558,448,70,refrigerante,96037d5afd,2.5652
4,16,100,0.217454,0.027839,558,454,65,desodorante,74428065b8,2.6554
4,17,100,0.228252,0.028870,533,435,67,iogurte,da0946fc81,2.8678
4,18,100,0.228252,0.028870,533,435,67,iogurte,da0946fc81,2.8678
4,19,100,0.219425,0.027719,533,437,65,iogurte,a322482653,2.5092
4,20,100,0.226867,0.028203,533,431,64,biscoito,81ebf8d289,2.6198
4,21,100,0.222194,0.028311,541,439,63,iogurte,56be997cf7,2.1089
4,22,100,0.218506,0.028435,539,437,64,iogurte,c8dfd7716a,2.0994
4,23,100,0.235588,0.029692,539,449,67,iogurte,d59abe214c,2.5190
4,24,100,0.221821,0.029864,550,447,72,iogurte,738a69b00d,2.1490
4,25,100,0.224670,0.028514,531,436,65,iogurte,7605add6bc,2.0351
4,26,100,0.217255,0.027765,535,432,65,sabonete,0588d40058,2.3356
4,27,100,0.195726,0.025633,556,444,69,refrigerante,ef6130df67,2.7354
4,28,100,0.221835,0.029040,544,441,64,iogurte,312f6634ad,2.3808
4,29,100,0.250300,0.030515,546,427,63,biscoito,134f2f796b,2.1207
4,30,100,0.233604,0.028717,551,452,67,macarrao,c0ac76b5de,2.0683
4,31,100,0.211357,0.028382,543,435,65,iogurte,932cbd3bde,1.7691
4,32,100,0.228252,0.028870,533,435,67,iogurte,da0946fc81,2.8678
4,33,100,0.214326,0.029387,535,433,70,sabonete,fd9d02affa,1.7589
4,34,100,0.224830,0.027744,553,447,67,iogurte,eed5f90d59,1.8819
4,35,100,0.225403,0.028205,532,442,68,biscoito,a2159e25b7,1.7865
4,36,100,0.227786,0.029251,560,461,68,desodorante,59a48358f3,1.8195
4,37,100,0.222474,0.032580,551,452,74,chocolate,729b4998c3,1.7886
4,38,100,0.286873,0.034338,531,439,62,biscoito,f9689e1936,1.7695
4,39,100,0.228252,0.028870,533,435,67,iogurte,da0946fc81,2.8678
4,40,100,0.228252,0.028870,533,435,67,iogurte,da0946fc81,2.8678
4,41,100,0.231700,0.028521,545,444,64,biscoito,fa0cf92c7d,2.1831
4,42,100,0.231700,0.028521,545,444,64,biscoito,fa0cf92c7d,2.1831
4,43,100,0.240288,0.030259,550,455,66,iogurte,e1c37d63f5,1.7983
4,44,100,0.244575,0.029089,544,423,62,biscoito,88bdb80f7b,1.7715
4,45,100,0.199973,0.025285,555,445,68,refrigerante,29611f4c60,2.8535
4,46,100,0.199973,0.025285,555,445,68,refrigerante,29611f4c60,2.8535
4,47,100,0.230675,0.030855,544,460,70,iogurte,56a9f816f8,1.7619
4,48,100,0.242591,0.031215,558,457,68,desodorante,5d0d83d68c,1.8435
4,49,100,0.211357,0.028565,561,459,69,desodorante,89fec1587c,1.9732
5,0,100,0.199973,0.025285,555,445,68,refrigerante,29611f4c60,2.8535
5,1,100,0.199973,0.025285,555,445,68,refrigerante,29611f4c60,2.8535
5,2,100,0.199973,0.025285,555,445,68,refrigerante,29611f4c60,2.8535
5,3,100,0.241725,0.025536,559,447,62,biscoito,5c586db3d9,2.4300
5,4,100,0.195726,0.025633,556,444,69,refrigerante,ef6130df67,2.7354
5,5,100,0.229836,0.030812,549,461,70,biscoito,60aa8b8bc8,1.9668
5,6,100,0.236866,0.030865,530,429,64,iogurte,fb036168ce,1.8228
5,7,100,0.225935,0.030856,546,451,73,padaria e confeitaria industrializado,92de77f0dd,1.8696
5,8,100,0.250379,0.026533,563,452,63,biscoito,12ac799a7e,2.0122
5,9,100,0.241725,0.025536,559,447,62,biscoito,5c586db3d9,2.4300
5,10,100,0.195726,0.025633,556,444,69,refrigerante,ef6130df67,2.7354
5,11,100,0.216296,0.025880,557,448,66,iogurte,5bba74be1d,1.9291
5,12,100,0.221142,0.028210,548,449,70,iogurte,012ea1f7b8,1.8088
5,13,100,0.223166,0.028452,537,435,65,iogurte,9b8652744f,1.6190
5,14,100,0.217920,0.027505,534,429,65,iogurte,7c875cae3e,1.9781
5,15,100,0.190720,0.026716,546,438,71,sabonete,2c367fb3da,2.0146
5,16,100,0.241326,0.029736,538,427,65,biscoito,c1642a4790,1.7788
5,17,100,0.199973,0.025285,555,445,68,refrigerante,29611f4c60,2.8535
5,18,100,0.199973,0.025285,555,445,68,refrigerante,29611f4c60,2.8535
5,19,100,0.227679,0.029612,560,445,67,refrigerante,f648cd293d,1.8026
5,20,100,0.206284,0.027491,539,450,68,iogurte,d885de892f,1.7416
5,21,100,0.239222,0.027708,539,428,63,iogurte,5dda4e6eb9,1.8003
5,22,100,0.220330,0.032666,545,451,77,iogurte,5cd8f5049e,1.7586
5,23,100,0.210398,0.028167,554,444,69,iogurte,20699ec7ac,1.7359
5,24,100,0.221382,0.028206,537,437,67,biscoito,c981661571,1.8391
5,25,100,0.212062,0.028506,535,434,66,sabonete,d58dc79dc6,1.9060
5,26,100,0.224338,0.027936,536,438,65,biscoito,5c195b8d84,1.6460
5,27,100,0.224950,0.028664,537,438,66,iogurte,020f62eaa2,1.9403
5,28,100,0.209533,0.027530,554,444,72,refrigerante,fa9c88828f,1.6656
5,29,100,0.182412,0.026827,547,438,70,iogurte,dea8677e55,2.2332
5,30,100,0.229237,0.029319,532,431,67,iogurte,92f4bef17f,1.8789
5,31,100,0.241725,0.025536,559,447,62,biscoito,5c586db3d9,2.4300
5,32,100,0.241725,0.025536,559,447,62,biscoito,5c586db3d9,2.4300
5,33,100,0.188896,0.027464,544,437,70,iogurte,5ef2808f34,1.7412
5,34,100,0.213287,0.026845,540,435,62,iogurte,0645929cb4,1.6367
5,35,100,0.233604,0.028717,551,452,67,macarrao,c0ac76b5de,2.0683
5,36,100,0.231700,0.028521,545,444,64,biscoito,fa0cf92c7d,2.1831
5,37,100,0.232566,0.030359,542,431,67,biscoito,30e276af90,1.8944
5,38,100,0.250646,0.030221,550,444,67,desodorante,f779075086,1.8479
5,39,100,0.230409,0.030895,551,443,73,refrigerante,ff2b8a8509,1.7910
5,40,100,0.265238,0.029963,546,436,61,biscoito,5a445322f8,1.8980
5,41,100,0.234323,0.029281,538,432,64,biscoito,d76c532b0a,1.7399
5,42,100,0.194555,0.025426,550,437,69,padaria e confeitaria industrializado,3ffea7f3cd,1.7776
5,43,100,0.229663,0.028605,541,435,64,iogurte,00c00de5ab,1.7662
5,44,100,0.231141,0.029226,547,445,65,biscoito,32b0978f69,1.6579
5,45,100,0.223299,0.026151,545,438,55,biscoito,86c4f3b26c,1.8578
5,46,100,0.262815,0.030044,539,436,66,biscoito,c4deb131bb,1.7590
5,47,100,0.255439,0.030079,538,427,59,biscoito,b302868864,1.8724
5,48,100,0.238650,0.029602,552,457,66,biscoito,a406a27220,1.6785
5,49,100,0.194621,0.026291,536,435,68,iogurte,5f51644ce5,1.9101
6,0,100,0.199973,0.025285,555,445,68,refrigerante,29611f4c60,2.8535
6,1,100,0.199973,0.025285,555,445,68,refrigerante,29611f4c60,2.8535
6,2,100,0.199973,0.025285,555,445,68,refrigerante,29611f4c60,2.8535
6,3,100,0.199973,0.025285,555,445,68,refrigerante,29611f4c60,2.8535
6,4,100,0.199973,0.025285,555,445,68,refrigerante,29611f4c60,2.8535
6,5,100,0.211623,0.026961,540,438,63,iogurte,6a2842428a,2.1536
6,6,100,0.241725,0.025536,559,447,62,biscoito,5c586db3d9,2.4300
6,7,100,0.199973,0.025285,555,445,68,refrigerante,29611f4c60,2.8535
6,8,100,0.199973,0.025285,555,445,68,refrigerante,29611f4c60,2.8535
6,9,100,0.245799,0.028438,552,431,64,biscoito,ed49773efc,2.0616
6,10,100,0.231261,0.029697,562,467,72,macarrao,7a025826f0,1.8699
6,11,100,0.201504,0.026763,542,429,68,refrigerante,88cfb100b6,1.7695
6,12,100,0.232978,0.027114,547,434,62,biscoito,ebc5764c1e,2.1503
6,13,100,0.229370,0.026293,547,436,63,sabonete,36672728ba,1.7001
6,14,100,0.207602,0.029085,543,447,73,iogurte,bc55fe0740,2.0734
6,15,100,0.193490,0.026451,530,426,68,iogurte,e9b459cfd5,1.7723
6,16,100,0.243882,0.026446,569,454,63,biscoito,75a79d8fd2,1.7610
6,17,100,0.199973,0.025285,555,445,68,refrigerante,29611f4c60,2.8535
6,18,100,0.198922,0.026965,538,438,68,iogurte,d3a0b9d868,1.7396
6,19,100,0.253122,0.025353,560,452,60,biscoito,b14609d166,1.7555
6,20,100,0.193995,0.025157,551,439,68,refrigerante,b515edb7a2,1.6851
6,21,100,0.199720,0.029090,561,455,70,refrigerante,3a209b1109,1.9279
6,22,100,0.178858,0.024716,543,435,69,iogurte,307a15e2d1,1.9001
6,23,100,0.265997,0.029420,554,441,63,biscoito,a98c326f0f,1.8103
6,24,100,0.233604,0.027775,544,439,64,biscoito,ff2a48fd96,1.7948
6,25,100,0.202223,0.025480,554,444,68,refrigerante,e86c05972c,1.6989
6,26,100,0.190827,0.026135,536,433,68,iogurte,77aa760168,1.8228
6,27,100,0.199973,0.025285,555,445,68,refrigerante,29611f4c60,2.8535
6,28,100,0.199973,0.025285,555,445,68,refrigerante,29611f4c60,2.8535
6,29,100,0.223299,0.026151,545,438,55,biscoito,86c4f3b26c,1.8578
6,30,100,0.194621,0.026291,536,435,68,iogurte,5f51644ce5,1.9101
6,31,100,0.222913,0.028414,532,436,66,biscoito,c816c4f749,1.7943
6,32,100,0.247237,0.025090,559,447,60,biscoito,b33008e3d2,1.7357
6,33,100,0.225682,0.032387,558,454,72,iogurte,ce93b25ec2,1.7937
6,34,100,0.191732,0.024210,534,440,68,iogurte,141dd867ac,1.7326
6,35,100,0.212861,0.028168,535,428,70,iogurte,e3d9c518e1,1.8188
6,36,100,0.240541,0.028292,558,444,63,refrigerante,31410da4b4,1.7755
6,37,100,0.199973,0.025285,555,445,68,refrigerante,29611f4c60,2.8535
6,38,100,0.199973,0.025285,555,445,68,refrigerante,29611f4c60,2.8535
6,39,100,0.231261,0.029697,562,467,72,macarrao,7a025826f0,1.8699
6,40,100,0.245799,0.028438,552,431,64,biscoito,ed49773efc,2.0616
6,41,100,0.201038,0.029776,553,453,73,iogurte,3972747aaf,1.7452
6,42,100,0.234456,0.028405,539,425,63,iogurte,41b302eb86,1.5984
6,43,100,0.199973,0.025285,555,445,68,refrigerante,29611f4c60,2.8535
6,44,100,0.199973,0.025285,555,445,68,refrigerante,29611f4c60,2.8535
6,45,100,0.214432,0.026979,534,431,65,iogurte,66841edbc6,1.9302
6,46,100,0.185035,0.027105,546,436,69,iogurte,e173bee420,1.7496
6,47,100,0.194555,0.025426,550,437,69,padaria e confeitaria industrializado,3ffea7f3cd,1.7776
6,48,100,0.199973,0.025285,555,445,68,refrigerante,29611f4c60,2.8535
6,49,100,0.252949,0.025782,562,450,61,biscoito,53adfd5707,1.8814
7,0,100,0.191732,0.024210,534,440,68,iogurte,141dd867ac,1.7326
7,1,100,0.178858,0.024716,543,435,69,iogurte,307a15e2d1,1.9001
7,2,100,0.247237,0.025090,559,447,60,biscoito,b33008e3d2,1.7357
7,3,100,0.193995,0.025157,551,439,68,refrigerante,b515edb7a2,1.6851
7,4,100,0.199973,0.025285,555,445,68,refrigerante,29611f4c60,2.8535
7,5,100,0.198535,0.024475,556,445,67,refrigerante,456387c090,1.9753
7,6,100,0.199973,0.025285,555,445,68,refrigerante,29611f4c60,2.8535
7,7,100,0.199973,0.025285,555,445,68,refrigerante,29611f4c60,2.8535
7,8,100,0.199973,0.025285,555,445,68,refrigerante,29611f4c60,2.8535
7,9,100,0.191732,0.024210,534,440,68,iogurte,141dd867ac,1.7326
7,10,100,0.199973,0.025285,555,445,68,refrigerante,29611f4c60,2.8535
7,11,100,0.193995,0.025157,551,439,68,refrigerante,b515edb7a2,1.6851
7,12,100,0.199973,0.025285,555,445,68,refrigerante,29611f4c60,2.8535
7,13,100,0.241659,0.029296,551,436,65,refrigerante,c09ca062bc,1.8006
7,14,100,0.231474,0.028458,566,469,69,suco pronto,799914ce3b,1.9568
7,15,100,0.178858,0.024716,543,435,69,iogurte,307a15e2d1,1.9001
7,16,100,0.194621,0.026291,536,435,68,iogurte,5f51644ce5,1.9101
7,17,100,0.199973,0.025285,555,445,68,refrigerante,29611f4c60,2.8535
7,18,100,0.199973,0.025285,555,445,68,refrigerante,29611f4c60,2.8535
7,19,100,0.199973,0.025285,555,445,68,refrigerante,29611f4c60,2.8535
7,20,100,0.200439,0.024192,558,448,67,refrigerante,ba6c47c10a,1.9059
7,21,100,0.199973,0.025285,555,445,68,refrigerante,29611f4c60,2.8535
7,22,100,0.200732,0.025535,552,444,68,refrigerante,4b07a7c842,2.1393
7,23,100,0.195274,0.025272,547,438,69,refrigerante,b66f6e417d,1.9457
7,24,100,0.202263,0.025613,558,447,68,refrigerante,04a09fec7b,1.7150
7,25,100,0.236546,0.025147,567,462,62,biscoito,c3f2382eb2,1.8644
7,26,100,0.222993,0.029196,548,439,68,refrigerante,4745a34862,1.9641
7,27,100,0.180655,0.024637,542,434,68,iogurte,58ef7dea3d,1.7763
7,28,100,0.199973,0.025285,555,445,68,refrigerante,29611f4c60,2.8535
7,29,100,0.227520,0.028557,543,434,66,refrigerante,92e2c82484,1.9155
7,30,100,0.235681,0.027039,571,466,66,biscoito,d76a5ec501,1.7568
7,31,100,0.209719,0.024410,530,435,64,refrigerante,60c2545b6d,1.7736
7,32,100,0.206617,0.023842,549,446,56,iogurte,677545c270,1.8160
7,33,100,0.252377,0.025764,570,456,61,biscoito,9fcdde3656,1.7844
7,34,100,0.235814,0.027372,535,436,56,chocolate,5f4f386f8e,1.7903
7,35,100,0.199973,0.025285,555,445,68,refrigerante,29611f4c60,2.8535
7,36,100,0.199973,0.025285,555,445,68,refrigerante,29611f4c60,2.8535
7,37,100,0.199973,0.025285,555,445,68,refrigerante,29611f4c60,2.8535
7,38,100,0.199973,0.025285,555,445,68,refrigerante,29611f4c60,2.8535
7,39,100,0.199973,0.025285,555,445,68,refrigerante,29611f4c60,2.8535
7,40,100,0.199973,0.025285,555,445,68,refrigerante,29611f4c60,2.8535
7,41,100,0.252243,0.030251,548,429,64,biscoito,e7db25f1d8,1.7692
7,42,100,0.234403,0.027484,566,468,69,macarrao,b07b49ba3e,1.8645
7,43,100,0.197484,0.026754,538,439,68,iogurte,2e09a7eced,1.7462
7,44,100,0.193876,0.024700,534,439,68,iogurte,1e64377926,1.6471
7,45,100,0.198762,0.025805,554,442,69,refrigerante,1808371dca,2.0837
7,46,100,0.204274,0.028769,535,439,71,iogurte,dceb57ab91,1.9752
7,47,100,0.199973,0.025285,555,445,68,refrigerante,29611f4c60,2.8535
7,48,100,0.199973,0.025285,555,445,68,refrigerante,29611f4c60,2.8535
7,49,100,0.199973,0.025285,555,445,68,refrigerante,29611f4c60,2.8535
8,0,100,0.206617,0.023842,549,446,56,iogurte,677545c270,1.8160
8,1,100,0.200439,0.024192,558,448,67,refrigerante,ba6c47c10a,1.9059
8,2,100,0.191732,0.024210,534,440,68,iogurte,141dd867ac,1.7326
8,3,100,0.191732,0.024210,534,440,68,iogurte,141dd867ac,1.7326
8,4,100,0.209719,0.024410,530,435,64,refrigerante,60c2545b6d,1.7736
8,5,100,0.191732,0.024210,534,440,68,iogurte,141dd867ac,1.7326
8,6,100,0.247237,0.025090,559,447,60,biscoito,b33008e3d2,1.7357
8,7,100,0.209719,0.024410,530,435,64,refrigerante,60c2545b6d,1.7736
8,8,100,0.191732,0.024210,534,440,68,iogurte,141dd867ac,1.7326
8,9,100,0.191732,0.024210,534,440,68,iogurte,141dd867ac,1.7326
8,10,100,0.191732,0.024210,534,440,68,iogurte,141dd867ac,1.7326
8,11,100,0.178858,0.024716,543,435,69,iogurte,307a15e2d1,1.9001
8,12,100,0.206617,0.023842,549,446,56,iogurte,677545c270,1.8160
8,13,100,0.209093,0.025764,556,441,63,iogurte,6d626f6f80,1.9454
8,14,100,0.206897,0.028050,549,450,64,iogurte,5152980ff9,1.8058
8,15,100,0.199973,0.025285,555,445,68,refrigerante,29611f4c60,2.8535
8,16,100,0.252377,0.025764,570,456,61,biscoito,9fcdde3656,1.7844
8,17,100,0.200320,0.025887,554,448,69,refrigerante,097c0af036,4.1055
8,18,100,0.194408,0.024363,537,440,68,iogurte,3866874c7b,3.2785
8,19,100,0.194608,0.024608,555,442,68,refrigerante,0e160aefdd,1.8734
8,20,100,0.196925,0.024980,552,440,68,refrigerante,ff19e6dd2d,1.8294
8,21,100,0.209719,0.024410,530,435,64,refrigerante,60c2545b6d,1.7736
8,22,100,0.193876,0.024700,534,439,68,iogurte,1e64377926,1.6471
8,23,100,0.180655,0.024637,542,434,68,iogurte,58ef7dea3d,1.7763
8,24,100,0.195274,0.025272,547,438,69,refrigerante,b66f6e417d,1.9457
8,25,100,0.191732,0.024210,534,440,68,iogurte,141dd867ac,1.7326
8,26,100,0.199973,0.025285,555,445,68,refrigerante,29611f4c60,2.8535
8,27,100,0.236906,0.029598,553,433,63,iogurte,e556914e53,1.9514
8,28,100,0.199947,0.025400,553,465,69,iogurte,eb185e1947,1.8015
8,29,100,0.201877,0.024207,554,452,69,refrigerante,97ac8e5890,1.8154
8,30,100,0.201864,0.025310,527,422,64,refrigerante,120d6f9f1d,1.9392
8,31,100,0.198149,0.025451,554,444,68,refrigerante,915525999b,1.9741
8,32,100,0.198535,0.024475,556,445,67,refrigerante,456387c090,1.9753
8,33,100,0.201664,0.027792,546,446,63,iogurte,e7876d4e92,2.1282
8,34,100,0.211996,0.026443,559,444,64,refrigerante,bbadade685,2.2486
8,35,100,0.180655,0.024637,542,434,68,iogurte,58ef7dea3d,1.7763
8,36,100,0.180655,0.024637,542,434,68,iogurte,58ef7dea3d,1.7763
8,37,100,0.194155,0.024320,534,440,68,iogurte,edd834c881,2.4089
8,38,100,0.180975,0.024848,543,434,68,iogurte,5fa1a7957c,3.1611
8,39,100,0.198535,0.024475,556,445,67,refrigerante,456387c090,1.9753
8,40,100,0.199973,0.025285,555,445,68,refrigerante,29611f4c60,2.8535
8,41,100,0.199973,0.025285,555,445,68,refrigerante,29611f4c60,2.8535
8,42,100,0.199973,0.025285,555,445,68,refrigerante,29611f4c60,2.8535
8,43,100,0.195274,0.025272,547,438,69,refrigerante,b66f6e417d,1.9457
8,44,100,0.199973,0.025285,555,445,68,refrigerante,29611f4c60,2.8535
8,45,100,0.247237,0.025090,559,447,60,biscoito,b33008e3d2,1.7357
8,46,100,0.199973,0.025285,555,445,68,refrigerante,29611f4c60,2.8535
8,47,100,0.191732,0.024210,534,440,68,iogurte,141dd867ac,1.7326
8,48,100,0.200213,0.025387,559,450,68,refrigerante,132fdd8152,3.3804
8,49,100,0.191732,0.024210,534,440,68,iogurte,141dd867ac,1.7326
9,0,100,0.206617,0.023842,549,446,56,iogurte,677545c270,1.8160
9,1,100,0.206617,0.023842,549,446,56,iogurte,677545c270,1.8160
9,2,100,0.200439,0.024192,558,448,67,refrigerante,ba6c47c10a,1.9059
9,3,100,0.201877,0.024207,554,452,69,refrigerante,97ac8e5890,1.8154
9,4,100,0.191732,0.024210,534,440,68,iogurte,141dd867ac,1.7326
9,5,100,0.191732,0.024210,534,440,68,iogurte,141dd867ac,1.7326
9,6,100,0.206617,0.023842,549,446,56,iogurte,677545c270,1.8160
9,7,100,0.191213,0.027572,556,441,71,iogurte,147d96d973,3.3899
9,8,100,0.199241,0.027215,549,452,70,iogurte,59f360940f,3.3919
9,9,100,0.199973,0.025186,554,446,68,refrigerante,60fe582d3d,3.5708
9,10,100,0.199973,0.025285,555,445,68,refrigerante,29611f4c60,2.8535
9,11,100,0.197803,0.026362,555,446,71,refrigerante,5e7a4d586c,2.0320
9,12,100,0.177699,0.023652,548,436,67,iogurte,5d77d4fd71,2.0605
9,13,100,0.208055,0.026192,557,450,69,iogurte,0715df5ad7,2.7575
9,14,100,0.199893,0.024436,526,429,67,refrigerante,ddba2f8a59,2.0112
9,15,100,0.195287,0.024047,539,441,67,iogurte,fdffe9ee07,1.8240
9,16,100,0.194408,0.024363,537,440,68,iogurte,3866874c7b,3.2785
9,17,100,0.196485,0.025298,548,437,69,refrigerante,1c46f76fa0,2.0406
9,18,100,0.179657,0.024911,544,435,69,iogurte,3ff799a86f,1.9017
9,19,100,0.193490,0.024348,533,439,68,iogurte,6f2ad8287e,2.2624
9,20,100,0.194342,0.025679,550,439,70,refrigerante,f9eb528b8e,2.1886
9,21,100,0.194688,0.026565,558,442,69,iogurte,2822e85f7e,3.2191
9,22,100,0.197377,0.025798,543,448,71,iogurte,856eb0c027,4.9606
9,23,100,0.193263,0.024481,534,442,69,iogurte,b86ea71b9f,2.9686
9,24,100,0.191732,0.024210,534,440,68,iogurte,141dd867ac,1.7326
9,25,100,0.191732,0.024210,534,440,68,iogurte,141dd867ac,1.7326
9,26,100,0.209719,0.024410,530,435,64,refrigerante,60c2545b6d,1.7736
9,27,100,0.200439,0.024192,558,448,67,refrigerante,ba6c47c10a,1.9059
9,28,100,0.195407,0.025258,535,439,68,iogurte,bb7eee2708,2.2359
9,29,100,0.191732,0.024210,534,440,68,iogurte,141dd867ac,1.7326
9,30,100,0.194155,0.024320,534,440,68,iogurte,edd834c881,2.4089
9,31,100,0.209546,0.024725,538,441,65,refrigerante,a8a408c439,2.4463
9,32,100,0.193210,0.023736,530,438,66,iogurte,1efea59ebf,3.0673
9,33,100,0.203688,0.028858,547,436,67,iogurte,bd8ca211f7,3.7326
9,34,100,0.214858,0.027895,544,451,63,iogurte,c6140bad2a,3.6139
9,35,100,0.191732,0.024210,534,440,68,iogurte,141dd867ac,1.7326
9,36,100,0.200439,0.024192,558,448,67,refrigerante,ba6c47c10a,1.9059
9,37,100,0.210731,0.025287,546,450,70,iogurte,618e70afeb,2.0772
9,38,100,0.176688,0.024214,544,434,67,refrigerante,65e5b7ead4,2.8419
9,39,100,0.247237,0.025090,559,447,60,biscoito,b33008e3d2,1.7357
9,40,100,0.191732,0.024210,534,440,68,iogurte,141dd867ac,1.7326
9,41,100,0.194155,0.024320,534,440,68,iogurte,edd834c881,2.4089
9,42,100,0.191732,0.024210,534,440,68,iogurte,141dd867ac,1.7326
9,43,100,0.209972,0.026237,550,441,63,iogurte,726423b519,2.1140
9,44,100,0.217468,0.027487,555,453,63,chocolate,5bcb0a56fa,3.1175
9,45,100,0.204567,0.025646,557,441,67,iogurte,5009a4aa12,1.9654
9,46,100,0.195620,0.024507,556,444,67,refrigerante,aa286e07ef,1.9282
9,47,100,0.200439,0.024192,558,448,67,refrigerante,ba6c47c10a,1.9059
9,48,100,0.201877,0.024207,554,452,69,refrigerante,97ac8e5890,1.8154
9,49,100,0.204287,0.025510,535,443,69,iogurte,894536a2c2,2.1060
10,0,100,0.177699,0.023652,548,436,67,iogurte,5d77d4fd71,2.0605
10,1,100,0.193210,0.023736,530,438,66,iogurte,1efea59ebf,3.0673
10,2,100,0.206617,0.023842,549,446,56,iogurte,677545c270,1.8160
10,3,100,0.206617,0.023842,549,446,56,iogurte,677545c270,1.8160
10,4,100,0.206617,0.023842,549,446,56,iogurte,677545c270,1.8160
10,5,100,0.194075,0.023038,539,431,62,refrigerante,59c9ecbb48,2.1468
10,6,100,0.211290,0.025916,549,451,71,iogurte,16ffc5f64f,2.0781
10,7,100,0.213607,0.026992,550,442,64,iogurte,88e0b39e8f,1.8402
10,8,100,0.206950,0.026222,557,453,62,iogurte,9da54f8250,2.0309
10,9,100,0.200439,0.024192,558,448,67,refrigerante,ba6c47c10a,1.9059
10,10,100,0.194808,0.024402,536,440,67,iogurte,74e92a5bb7,1.9013
10,11,100,0.213287,0.025391,556,444,61,iogurte,8d3dc3f578,1.8784
10,12,100,0.200359,0.026967,551,452,64,iogurte,768f900162,2.1207
10,13,100,0.200439,0.024192,558,448,67,refrigerante,ba6c47c10a,1.9059
10,14,100,0.191732,0.024210,534,440,68,iogurte,141dd867ac,1.7326
10,15,100,0.200439,0.024192,558,448,67,refrigerante,ba6c47c10a,1.9059
10,16,100,0.200439,0.024192,558,448,67,refrigerante,ba6c47c10a,1.9059
10,17,100,0.206617,0.023842,549,446,56,iogurte,677545c270,1.8160
10,18,100,0.191732,0.024210,534,440,68,iogurte,141dd867ac,1.7326
10,19,100,0.213380,0.023638,554,441,62,refrigerante,3136543308,1.8515
10,20,100,0.191732,0.024210,534,440,68,iogurte,141dd867ac,1.7326
10,21,100,0.200439,0.024192,558,448,67,refrigerante,ba6c47c10a,1.9059
10,22,100,0.198922,0.024176,558,447,67,refrigerante,7f12a35bc6,1.9595
10,23,100,0.191732,0.024210,534,440,68,iogurte,141dd867ac,1.7326
10,24,100,0.191732,0.024210,534,440,68,iogurte,141dd867ac,1.7326
10,25,100,0.193876,0.024700,534,439,68,iogurte,1e64377926,1.6471
10,26,100,0.197031,0.024227,537,440,66,iogurte,0f65a79e31,1.7192
10,27,100,0.200439,0.024192,558,448,67,refrigerante,ba6c47c10a,1.9059
10,28,100,0.195620,0.024507,556,444,67,refrigerante,aa286e07ef,1.9282
10,29,100,0.193210,0.023554,539,442,67,iogurte,3737610505,1.9480
10,30,100,0.193876,0.024700,534,439,68,iogurte,1e64377926,1.6471
10,31,100,0.177699,0.023652,548,436,67,iogurte,5d77d4fd71,2.0605
10,32,100,0.193210,0.023736,530,438,66,iogurte,1efea59ebf,3.0673
10,33,100,0.195620,0.024507,556,444,67,refrigerante,aa286e07ef,1.9282
10,34,100,0.200439,0.024192,558,448,67,refrigerante,ba6c47c10a,1.9059
10,35,100,0.206617,0.023842,549,446,56,iogurte,677545c270,1.8160
10,36,100,0.206617,0.023842,549,446,56,iogurte,677545c270,1.8160
10,37,100,0.195407,0.025258,535,439,68,iogurte,bb7eee2708,2.2359
10,38,100,0.206617,0.023842,549,446,56,iogurte,677545c270,1.8160
10,39,100,0.191732,0.024210,534,440,68,iogurte,141dd867ac,1.7326
10,40,100,0.206324,0.025037,552,451,68,refrigerante,9ede0f359f,1.8788
10,41,100,0.204167,0.024400,553,451,69,refrigerante,99914ac3ef,1.7877
10,42,100,0.191732,0.024210,534,440,68,iogurte,141dd867ac,1.7326
10,43,100,0.191732,0.024210,534,440,68,iogurte,141dd867ac,1.7326
10,44,100,0.199973,0.025285,555,445,68,refrigerante,29611f4c60,2.8535
10,45,100,0.193876,0.024700,534,439,68,iogurte,1e64377926,1.6471
10,46,100,0.192265,0.023863,537,441,68,iogurte,69f159357b,1.8536
10,47,100,0.191732,0.024210,534,440,68,iogurte,141dd867ac,1.7326
10,48,100,0.182333,0.023506,544,433,65,iogurte,e1fb1a220c,1.7845
10,49,100,0.193143,0.024163,534,438,67,iogurte,38a96e2c22,1.6844
11,0,100,0.194075,0.023038,539,431,62,refrigerante,59c9ecbb48,2.1468
11,1,100,0.182333,0.023506,544,433,65,iogurte,e1fb1a220c,1.7845
11,2,100,0.193210,0.023554,539,442,67,iogurte,3737610505,1.9480
11,3,100,0.213380,0.023638,554,441,62,refrigerante,3136543308,1.8515
11,4,100,0.177699,0.023652,548,436,67,iogurte,5d77d4fd71,2.0605
11,5,100,0.177047,0.022570,543,438,66,refrigerante,ace9ec362d,2.3769
11,6,100,0.209719,0.024410,530,435,64,refrigerante,60c2545b6d,1.7736
11,7,100,0.213380,0.023638,554,441,62,refrigerante,3136543308,1.8515
11,8,100,0.206617,0.023842,549,446,56,iogurte,677545c270,1.8160
11,9,100,0.204167,0.025840,549,450,69,iogurte,b7a919e586,2.1395
11,10,100,0.179683,0.028072,527,427,74,iogurte,2f62dadbd2,1.9616
11,11,100,0.193796,0.023069,559,443,62,iogurte,b8c8d62ed8,1.8276
11,12,100,0.186100,0.025842,542,445,71,iogurte,a13b63461a,2.0340
11,13,100,0.200439,0.024192,558,448,67,refrigerante,ba6c47c10a,1.9059
11,14,100,0.192265,0.023863,537,441,68,iogurte,69f159357b,1.8536
11,15,100,0.225789,0.026696,548,447,65,biscoito,660c6e092b,1.7831
11,16,100,0.188084,0.026978,535,442,63,iogurte,fed28ac164,1.6752
11,17,100,0.192265,0.023863,537,441,68,iogurte,69f159357b,1.8536
11,18,100,0.182333,0.023506,544,433,65,iogurte,e1fb1a220c,1.7845
11,19,100,0.194075,0.023038,539,431,62,refrigerante,59c9ecbb48,2.1468
11,20,100,0.206617,0.023842,549,446,56,iogurte,677545c270,1.8160
11,21,100,0.194475,0.022729,541,431,61,refrigerante,3be9da46ce,1.8986
11,22,100,0.192265,0.023863,537,441,68,iogurte,69f159357b,1.8536
11,23,100,0.198788,0.025379,555,450,61,iogurte,abae6889fc,1.8172
11,24,100,0.208814,0.025994,540,435,62,iogurte,1ecefbfb87,1.7831
11,25,100,0.188723,0.023677,537,439,66,iogurte,9a355ad9f2,1.9008
11,26,100,0.204953,0.024508,551,450,69,refrigerante,9d4cbabf9d,1.7742
11,27,100,0.207349,0.025992,536,436,63,iogurte,d285aa415e,1.8068
11,28,100,0.201811,0.026026,557,449,62,iogurte,a2256acec0,1.7027
11,29,100,0.192265,0.023863,537,441,68,iogurte,69f159357b,1.8536
11,30,100,0.194808,0.024402,536,440,67,iogurte,74e92a5bb7,1.9013
11,31,100,0.194102,0.024460,535,440,68,iogurte,27efc82a43,1.9294
11,32,100,0.180269,0.023246,544,434,66,iogurte,b9fc3db61e,1.7625
11,33,100,0.200439,0.024192,558,448,67,refrigerante,ba6c47c10a,1.9059
11,34,100,0.193210,0.023736,530,438,66,iogurte,1efea59ebf,3.0673
11,35,100,0.212874,0.025537,559,448,64,iogurte,dbb9095d91,2.6405
11,36,100,0.202916,0.027176,548,451,64,iogurte,395be35886,1.9387
11,37,100,0.217787,0.027131,555,449,63,iogurte,85c47c3978,1.9250
11,38,100,0.216629,0.022846,548,428,55,chocolate,d5a070d90a,1.7998
11,39,100,0.192265,0.023863,537,441,68,iogurte,69f159357b,1.8536
11,40,100,0.199973,0.025285,555,445,68,refrigerante,29611f4c60,2.8535
11,41,100,0.209426,0.025533,535,437,66,iogurte,613b20546c,1.9635
11,42,100,0.178099,0.021908,538,436,64,refrigerante,8cba645590,1.9983
11,43,100,0.201664,0.024246,559,451,67,refrigerante,0c9dc759ae,2.0168
11,44,100,0.191040,0.023546,540,445,67,iogurte,343ad869b4,1.8350
11,45,100,0.211210,0.026510,550,441,64,iogurte,3ea62cdf77,1.6263
11,46,100,0.208867,0.027498,554,452,64,iogurte,6c17973fa9,2.0970
11,47,100,0.207309,0.027404,548,449,62,iogurte,159728ce79,1.8655
11,48,100,0.211104,0.026357,559,444,64,iogurte,916ee0b043,1.7646
11,49,100,0.180069,0.023001,535,434,67,iogurte,ff61656f5f,1.7683
12,0,100,0.178099,0.021908,538,436,64,refrigerante,8cba645590,1.9983
12,1,100,0.177047,0.022570,543,438,66,refrigerante,ace9ec362d,2.3769
12,2,100,0.194475,0.022729,541,431,61,refrigerante,3be9da46ce,1.8986
12,3,100,0.216629,0.022846,548,428,55,chocolate,d5a070d90a,1.7998
12,4,100,0.180069,0.023001,535,434,67,iogurte,ff61656f5f,1.7683
12,5,100,0.178804,0.021595,540,437,63,refrigerante,cb486aa232,2.1191
12,6,100,0.194075,0.023038,539,431,62,refrigerante,59c9ecbb48,2.1468
12,7,100,0.188231,0.025208,538,438,67,refrigerante,72d18c9d6b,1.9341
12,8,100,0.204713,0.023949,554,450,69,iogurte,6105c25f9c,2.1221
12,9,100,0.191040,0.023546,540,445,67,iogurte,343ad869b4,1.8350
12,10,100,0.191040,0.023546,540,445,67,iogurte,343ad869b4,1.8350
12,11,100,0.195327,0.027615,552,436,71,iogurte,7b90bbffbf,2.3362
12,12,100,0.194142,0.021867,548,438,59,iogurte,f2ffeb1277,1.8802
12,13,100,0.202170,0.024763,535,442,61,iogurte,63bc61a813,1.8986
12,14,100,0.210505,0.022454,550,442,63,refrigerante,7a2ecfa03c,1.8279
12,15,100,0.180269,0.023246,544,434,66,iogurte,b9fc3db61e,1.7625
12,16,100,0.191000,0.023970,537,440,65,iogurte,7170967d0d,1.8573
12,17,100,0.213380,0.023638,554,441,62,refrigerante,3136543308,1.8515
12,18,100,0.194102,0.024460,535,440,68,iogurte,27efc82a43,1.9294
12,19,100,0.201358,0.023007,561,448,65,iogurte,17cb190087,1.8126
12,20,100,0.199547,0.025023,558,448,65,iogurte,5b1df6e0be,2.0246
12,21,100,0.194475,0.022729,541,431,61,refrigerante,3be9da46ce,1.8986
12,22,100,0.194475,0.022729,541,431,61,refrigerante,3be9da46ce,1.8986
12,23,100,0.211011,0.025815,541,437,65,iogurte,9ba0a572e6,1.8158
12,24,100,0.195686,0.022481,535,431,62,refrigerante,e9366f032f,1.8134
12,25,100,0.189882,0.025475,528,419,64,iogurte,8463be42d4,1.8080
12,26,100,0.193290,0.023258,544,446,64,iogurte,040e1a412e,1.8261
12,27,100,0.193210,0.023554,539,442,67,iogurte,3737610505,1.9480
12,28,100,0.196032,0.023196,559,443,62,iogurte,4a0b986def,1.8414
12,29,100,0.203502,0.026477,554,448,64,iogurte,128338abf4,1.8123
12,30,100,0.189442,0.025045,529,426,59,chocolate,a210072358,1.8558
12,31,100,0.192265,0.023863,537,441,68,iogurte,69f159357b,1.8536
12,32,100,0.192265,0.023863,537,441,68,iogurte,69f159357b,1.8536
12,33,100,0.193210,0.023554,539,442,67,iogurte,3737610505,1.9480
12,34,100,0.200439,0.024192,558,448,67,refrigerante,ba6c47c10a,1.9059
12,35,100,0.187725,0.023182,536,437,65,iogurte,38ea9954ba,1.8711
12,36,100,0.181813,0.023273,536,435,67,iogurte,c5765ab64b,1.9562
12,37,100,0.198189,0.023980,542,447,66,iogurte,afa4e2c911,1.8917
12,38,100,0.176301,0.024585,539,424,67,iogurte,03f2cf70b4,1.8177
12,39,100,0.180069,0.023001,535,434,67,iogurte,ff61656f5f,1.7683
12,40,100,0.193210,0.023554,539,442,67,iogurte,3737610505,1.9480
12,41,100,0.182333,0.023506,544,433,65,iogurte,e1fb1a220c,1.7845
12,42,100,0.180269,0.023246,544,434,66,iogurte,b9fc3db61e,1.7625
12,43,100,0.182333,0.023506,544,433,65,iogurte,e1fb1a220c,1.7845
12,44,100,0.193796,0.023069,559,443,62,iogurte,b8c8d62ed8,1.8276
12,45,100,0.177646,0.027382,525,428,74,iogurte,2bfada4bb5,1.9383
12,46,100,0.185847,0.022618,552,450,66,iogurte,231bd62a99,1.8651
12,47,100,0.206777,0.025740,554,450,60,iogurte,fe34772d92,1.8878
12,48,100,0.204141,0.025154,534,435,66,refrigerante,2ca8c2063d,1.8523
12,49,100,0.182333,0.023506,544,433,65,iogurte,e1fb1a220c,1.7845
13,0,100,0.178804,0.021595,540,437,63,refrigerante,cb486aa232,2.1191
13,1,100,0.194142,0.021867,548,438,59,iogurte,f2ffeb1277,1.8802
13,2,100,0.178099,0.021908,538,436,64,refrigerante,8cba645590,1.9983
13,3,100,0.210505,0.022454,550,442,63,refrigerante,7a2ecfa03c,1.8279
13,4,100,0.195686,0.022481,535,431,62,refrigerante,e9366f032f,1.8134
13,5,100,0.194475,0.022729,541,431,61,refrigerante,3be9da46ce,1.8986
13,6,100,0.178099,0.021908,538,436,64,refrigerante,8cba645590,1.9983
13,7,100,0.194688,0.024918,534,437,66,iogurte,e173473181,2.2249
13,8,100,0.196592,0.021862,538,435,62,refrigerante,afbfc29dd2,1.9243
13,9,100,0.194475,0.022729,541,431,61,refrigerante,3be9da46ce,1.8986
13,10,100,0.198189,0.023980,542,447,66,iogurte,afa4e2c911,1.8917
13,11,100,0.177047,0.022570,543,438,66,refrigerante,ace9ec362d,2.3769
13,12,100,0.194075,0.023038,539,431,62,refrigerante,59c9ecbb48,2.1468
13,13,100,0.199228,0.022558,558,454,63,iogurte,1741e6e7db,1.8522
13,14,100,0.205073,0.022032,548,438,63,refrigerante,96085fac5f,1.8058
13,15,100,0.188297,0.024082,543,440,67,iogurte,69c54fc92f,1.7993
13,16,100,0.200892,0.025452,537,429,63,refrigerante,7bc16bdbbd,1.8472
13,17,100,0.185847,0.022618,552,450,66,iogurte,231bd62a99,1.8651
13,18,100,0.181813,0.023273,536,435,67,iogurte,c5765ab64b,1.9562
13,19,100,0.194475,0.022729,541,431,61,refrigerante,3be9da46ce,1.8986
13,20,100,0.178099,0.021908,538,436,64,refrigerante,8cba645590,1.9983
13,21,100,0.194075,0.023038,539,431,62,refrigerante,59c9ecbb48,2.1468
13,22,100,0.177806,0.022266,545,439,65,refrigerante,5c15ca0c64,1.9352
13,23,100,0.202343,0.024922,541,446,69,refrigerante,b4ea88ca9a,2.2735
13,24,100,0.191093,0.023177,557,439,63,iogurte,5dec4af2fa,2.4465
13,25,100,0.177872,0.021842,539,436,64,refrigerante,6010d52cb9,3.0573
13,26,100,0.195327,0.022064,552,443,64,iogurte,b9494aa316,2.8344
13,27,100,0.193210,0.023554,539,442,67,iogurte,3737610505,1.9480
13,28,100,0.195686,0.022481,535,431,62,refrigerante,e9366f032f,1.8134
13,29,100,0.178804,0.021595,540,437,63,refrigerante,cb486aa232,2.1191
13,30,100,0.178804,0.021595,540,437,63,refrigerante,cb486aa232,2.1191
13,31,100,0.178099,0.021908,538,436,64,refrigerante,8cba645590,1.9983
13,32,100,0.180269,0.023246,544,434,66,iogurte,b9fc3db61e,1.7625
13,33,100,0.187019,0.021936,549,439,63,iogurte,53e2a6d18f,2.3376
13,34,100,0.199241,0.027728,549,436,70,iogurte,8223c9bcd9,2.2226
13,35,100,0.173332,0.021817,544,439,65,refrigerante,912325d585,2.7231
13,36,100,0.185381,0.023504,534,433,67,iogurte,697b073f16,2.0160
13,37,100,0.197311,0.022078,536,431,61,refrigerante,cc33197a6d,1.9352
13,38,100,0.187671,0.023186,536,439,65,iogurte,0e19a49702,1.9314
13,39,100,0.182958,0.023425,541,436,66,refrigerante,337f195550,1.7743
13,40,100,0.205525,0.022981,538,437,63,refrigerante,6daeb0e87a,1.8673
13,41,100,0.190574,0.021767,546,436,61,iogurte,fef09010c0,1.8291
13,42,100,0.178445,0.022722,542,439,66,refrigerante,c934829b29,1.8285
13,43,100,0.212209,0.023260,548,439,61,refrigerante,eec3141eaa,1.8268
13,44,100,0.195127,0.023589,537,428,58,chocolate,68d1b666e9,1.7756
13,45,100,0.181813,0.023273,536,435,67,iogurte,c5765ab64b,1.9562
13,46,100,0.182333,0.023506,544,433,65,iogurte,e1fb1a220c,1.7845
13,47,100,0.190547,0.024445,536,418,65,iogurte,c2221e3905,2.0667
13,48,100,0.197843,0.021489,548,446,62,refrigerante,d9295378c0,1.9375
13,49,100,0.204820,0.024237,545,435,66,biscoito,31d2efc03d,1.9195
14,0,100,0.197843,0.021489,548,446,62,refrigerante,d9295378c0,1.9375
14,1,100,0.178804,0.021595,540,437,63,refrigerante,cb486aa232,2.1191
14,2,100,0.178804,0.021595,540,437,63,refrigerante,cb486aa232,2.1191
14,3,100,0.178804,0.021595,540,437,63,refrigerante,cb486aa232,2.1191
14,4,100,0.190574,0.021767,546,436,61,iogurte,fef09010c0,1.8291
14,5,100,0.178804,0.021595,540,437,63,refrigerante,cb486aa232,2.1191
14,6,100,0.194475,0.022729,541,431,61,refrigerante,3be9da46ce,1.8986
14,7,100,0.177779,0.023484,544,439,66,refrigerante,26291fc093,1.9826
14,8,100,0.174757,0.021558,537,434,64,refrigerante,5c9c5cb783,1.7667
14,9,100,0.175023,0.021500,539,437,63,refrigerante,5e6efe7406,2.2955
14,10,100,0.177047,0.022570,543,438,66,refrigerante,ace9ec362d,2.3769
14,11,100,0.199760,0.023329,547,444,62,iogurte,f9fdf29c35,1.9852
14,12,100,0.172121,0.020163,536,426,63,refrigerante,ed1286705c,1.7935
14,13,100,0.194075,0.023038,539,431,62,refrigerante,59c9ecbb48,2.1468
14,14,100,0.178099,0.021908,538,436,64,refrigerante,8cba645590,1.9983
14,15,100,0.202024,0.024391,538,444,67,iogurte,1fcd602a04,1.9062
14,16,100,0.167581,0.021548,535,432,64,iogurte,7c7dd6a5c1,1.8557
14,17,100,0.194475,0.022729,541,431,61,refrigerante,3be9da46ce,1.8986
14,18,100,0.183211,0.021289,535,434,63,refrigerante,fea8620c51,1.8157
14,19,100,0.187205,0.023094,533,424,63,iogurte,b4d2d94ce5,1.7884
14,20,100,0.198069,0.023693,540,444,63,iogurte,3ddbd4a70e,1.8653
14,21,100,0.178804,0.021595,540,437,63,refrigerante,cb486aa232,2.1191
14,22,100,0.177806,0.022266,545,439,65,refrigerante,5c15ca0c64,1.9352
14,23,100,0.199694,0.024584,540,431,64,iogurte,4276c2ecf5,1.8781
14,24,100,0.194741,0.022405,544,446,63,iogurte,e2cbae996e,1.9374
14,25,100,0.205073,0.022032,548,438,63,refrigerante,96085fac5f,1.8058
14,26,100,0.190574,0.021767,546,436,61,iogurte,fef09010c0,1.8291
14,27,100,0.209546,0.021934,551,441,62,refrigerante,dc4f505fac,2.1309
14,28,100,0.190574,0.021767,546,436,61,iogurte,fef09010c0,1.8291
14,29,100,0.178804,0.021595,540,437,63,refrigerante,cb486aa232,2.1191
14,30,100,0.178099,0.021908,538,436,64,refrigerante,8cba645590,1.9983
14,31,100,0.178099,0.021908,538,436,64,refrigerante,8cba645590,1.9983
14,32,100,0.212568,0.022991,550,439,60,refrigerante,cc15af4b98,1.9364
14,33,100,0.197204,0.022701,547,443,66,refrigerante,a2b4f19a47,1.7905
14,34,100,0.194075,0.023038,539,431,62,refrigerante,59c9ecbb48,2.1468
14,35,100,0.177872,0.021842,539,436,64,refrigerante,6010d52cb9,3.0573
14,36,100,0.191839,0.022351,551,439,62,iogurte,00aca6561a,2.1198
14,37,100,0.187099,0.023757,535,434,67,iogurte,2173745242,2.3817
14,38,100,0.192225,0.023009,537,426,57,chocolate,1e81bcc6a1,2.4170
14,39,100,0.194635,0.021801,538,434,62,refrigerante,abced84d8e,2.3137
14,40,100,0.179483,0.023273,536,435,65,refrigerante,d957576e3f,2.1671
14,41,100,0.168486,0.021437,543,439,65,refrigerante,650995d190,2.2470
14,42,100,0.178099,0.021908,538,436,64,refrigerante,8cba645590,1.9983
14,43,100,0.178804,0.021595,540,437,63,refrigerante,cb486aa232,2.1191
14,44,100,0.178804,0.021595,540,437,63,refrigerante,cb486aa232,2.1191
14,45,100,0.177247,0.021787,539,436,64,refrigerante,e57b970617,2.3101
14,46,100,0.205525,0.022981,538,437,63,refrigerante,6daeb0e87a,1.8673
14,47,100,0.197843,0.021489,548,446,62,refrigerante,d9295378c0,1.9375
14,48,100,0.178099,0.021908,538,436,64,refrigerante,8cba645590,1.9983
14,49,100,0.183983,0.021626,537,438,64,refrigerante,ab8382954e,2.5987
15,0,100,0.172121,0.020163,536,426,63,refrigerante,ed1286705c,1.7935
15,1,100,0.183211,0.021289,535,434,63,refrigerante,fea8620c51,1.8157
15,2,100,0.168486,0.021437,543,439,65,refrigerante,650995d190,2.2470
15,3,100,0.197843,0.021489,548,446,62,refrigerante,d9295378c0,1.9375
15,4,100,0.197843,0.021489,548,446,62,refrigerante,d9295378c0,1.9375
15,5,100,0.181720,0.021602,537,438,64,refrigerante,339e927ae3,2.6855
15,6,100,0.179377,0.021577,540,436,63,refrigerante,9b802b86dc,2.2384
15,7,100,0.172267,0.021838,527,422,63,refrigerante,eb22cdaa73,2.1951
15,8,100,0.196964,0.023284,555,452,63,iogurte,67c30f4a72,1.8814
15,9,100,0.178804,0.021595,540,437,63,refrigerante,cb486aa232,2.1191
15,10,100,0.172121,0.020163,536,426,63,refrigerante,ed1286705c,1.7935
15,11,100,0.178804,0.021595,540,437,63,refrigerante,cb486aa232,2.1191
15,12,100,0.197843,0.021489,548,446,62,refrigerante,d9295378c0,1.9375
15,13,100,0.179244,0.023309,527,424,64,refrigerante,643c7942a9,1.9351
15,14,100,0.200533,0.023879,555,452,64,iogurte,9e2087a54a,2.2008
15,15,100,0.170164,0.022397,546,444,66,refrigerante,5257737eb6,1.7504
15,16,100,0.178525,0.021732,539,436,64,refrigerante,6c9cc4f163,1.7957
15,17,100,0.167581,0.021548,535,432,64,iogurte,7c7dd6a5c1,1.8557
15,18,100,0.178804,0.021595,540,437,63,refrigerante,cb486aa232,2.1191
15,19,100,0.189242,0.020679,548,445,62,iogurte,2c4daf81cd,1.8983
15,20,100,0.181161,0.024295,528,422,66,refrigerante,913025e219,1.7666
15,21,100,0.191998,0.021990,545,446,63,refrigerante,1146d3e72a,1.7285
15,22,100,0.183211,0.021257,540,436,62,refrigerante,d9fd70c42b,1.8686
15,23,100,0.175023,0.021500,539,437,63,refrigerante,5e6efe7406,2.2955
15,24,100,0.178365,0.021787,540,438,64,refrigerante,d62be3d4b5,1.8205
15,25,100,0.178804,0.021595,540,437,63,refrigerante,cb486aa232,2.1191
15,26,100,0.190574,0.021767,546,436,61,iogurte,fef09010c0,1.8291
15,27,100,0.172121,0.020163,536,426,63,refrigerante,ed1286705c,1.7935
15,28,100,0.167581,0.021548,535,432,64,iogurte,7c7dd6a5c1,1.8557
15,29,100,0.192518,0.022016,539,428,61,refrigerante,8ef10db1b8,2.0157
15,30,100,0.195899,0.022034,545,443,65,refrigerante,a7737b6c80,1.8425
15,31,100,0.197843,0.021489,548,446,62,refrigerante,d9295378c0,1.9375
15,32,100,0.178804,0.021595,540,437,63,refrigerante,cb486aa232,2.1191
15,33,100,0.197018,0.021404,549,446,63,refrigerante,00caf3d760,1.7944
15,34,100,0.192531,0.022175,545,435,60,iogurte,cf9c7a7f65,1.9960
15,35,100,0.178099,0.021908,538,436,64,refrigerante,8cba645590,1.9983
15,36,100,0.177872,0.021842,539,436,64,refrigerante,6010d52cb9,3.0573
15,37,100,0.183384,0.021543,534,434,63,refrigerante,bdae3f5d18,2.0856
15,38,100,0.178804,0.021595,540,437,63,refrigerante,cb486aa232,2.1191
15,39,100,0.176767,0.023121,526,422,64,iogurte,6a1afa70b3,2.9329
15,40,100,0.198762,0.023625,556,455,66,iogurte,410e4a22fa,2.0360
15,41,100,0.175023,0.021500,539,437,63,refrigerante,5e6efe7406,2.2955
15,42,100,0.178472,0.021622,538,434,64,refrigerante,a574c977e1,1.9967
15,43,100,0.179337,0.022125,538,438,64,refrigerante,14b4864605,2.0295
15,44,100,0.178099,0.021908,538,436,64,refrigerante,8cba645590,1.9983
15,45,100,0.178804,0.021595,540,437,63,refrigerante,cb486aa232,2.1191
15,46,100,0.178804,0.021595,540,437,63,refrigerante,cb486aa232,2.1191
15,47,100,0.197843,0.021489,548,446,62,refrigerante,d9295378c0,1.9375
15,48,100,0.178804,0.021595,540,437,63,refrigerante,cb486aa232,2.1191
15,49,100,0.178804,0.021595,540,437,63,refrigerante,cb486aa232,2.1191
16,0,100,0.172121,0.020163,536,426,63,refrigerante,ed1286705c,1.7935
16,1,100,0.172121,0.020163,536,426,63,refrigerante,ed1286705c,1.7935
16,2,100,0.172121,0.020163,536,426,63,refrigerante,ed1286705c,1.7935
16,3,100,0.189242,0.020679,548,445,62,iogurte,2c4daf81cd,1.8983
16,4,100,0.183211,0.021257,540,436,62,refrigerante,d9fd70c42b,1.8686
16,5,100,0.197843,0.021489,548,446,62,refrigerante,d9295378c0,1.9375
16,6,100,0.198229,0.022148,546,444,62,refrigerante,b72df16a1c,2.3516
16,7,100,0.178804,0.021595,540,437,63,refrigerante,cb486aa232,2.1191
16,8,100,0.178804,0.021595,540,437,63,refrigerante,cb486aa232,2.1191
16,9,100,0.192038,0.021953,547,436,60,iogurte,dfdaa2d101,1.8342
16,10,100,0.182066,0.020887,534,435,62,refrigerante,a4cf1e2f82,1.7638
16,11,100,0.197843,0.021489,548,446,62,refrigerante,d9295378c0,1.9375
16,12,100,0.178099,0.021908,538,436,64,refrigerante,8cba645590,1.9983
16,13,100,0.178338,0.021816,538,435,64,refrigerante,0245ec3ab6,1.8169
16,14,100,0.192211,0.020490,550,447,62,refrigerante,ce1a9bf800,2.0833
16,15,100,0.178804,0.021595,540,437,63,refrigerante,cb486aa232,2.1191
16,16,100,0.185222,0.020897,535,432,62,refrigerante,84a812aae9,2.7170
16,17,100,0.172121,0.020163,536,426,63,refrigerante,ed1286705c,1.7935
16,18,100,0.172121,0.020163,536,426,63,refrigerante,ed1286705c,1.7935
16,19,100,0.179790,0.022399,536,432,63,refrigerante,0f49f4ccc7,2.8360
16,20,100,0.179204,0.021040,537,440,64,refrigerante,f85e8edc9c,3.2880
16,21,100,0.183265,0.022127,535,435,64,refrigerante,edb57181e7,2.9727
16,22,100,0.179430,0.022245,539,435,63,refrigerante,b55e99121d,3.2492
16,23,100,0.175023,0.021500,539,437,63,refrigerante,5e6efe7406,2.2955
16,24,100,0.178804,0.021595,540,437,63,refrigerante,cb486aa232,2.1191
16,25,100,0.178804,0.021595,540,437,63,refrigerante,cb486aa232,2.1191
16,26,100,0.178804,0.021595,540,437,63,refrigerante,cb486aa232,2.1191
16,27,100,0.181534,0.022199,537,433,63,refrigerante,1aae5a9c8f,2.6405
16,28,100,0.183278,0.021283,538,440,64,refrigerante,c526283df2,4.6033
16,29,100,0.172121,0.020163,536,426,63,refrigerante,ed1286705c,1.7935
16,30,100,0.172121,0.020163,536,426,63,refrigerante,ed1286705c,1.7935
16,31,100,0.197843,0.021489,548,446,62,refrigerante,d9295378c0,1.9375
16,32,100,0.197018,0.021404,549,446,63,refrigerante,00caf3d760,1.7944
16,33,100,0.199574,0.021393,549,446,61,refrigerante,fd4a4ab92c,3.7288
16,34,100,0.178804,0.021595,540,437,63,refrigerante,cb486aa232,2.1191
16,35,100,0.180615,0.021688,538,434,64,refrigerante,887e0d527e,2.4487
16,36,100,0.197018,0.021404,549,446,63,refrigerante,00caf3d760,1.7944
16,37,100,0.197843,0.021489,548,446,62,refrigerante,d9295378c0,1.9375
16,38,100,0.172121,0.020163,536,426,63,refrigerante,ed1286705c,1.7935
16,39,100,0.180043,0.020674,537,435,63,refrigerante,ce1d9df49f,2.8208
16,40,100,0.191160,0.021049,546,445,61,refrigerante,e487c40206,2.5151
16,41,100,0.181600,0.021248,533,431,62,refrigerante,31e155bb93,2.6493
16,42,100,0.174211,0.020246,537,431,65,refrigerante,2a4bc370c7,3.1038
16,43,100,0.197843,0.021489,548,446,62,refrigerante,d9295378c0,1.9375
16,44,100,0.172121,0.020163,536,426,63,refrigerante,ed1286705c,1.7935
16,45,100,0.175622,0.020557,537,429,64,refrigerante,3ad389d238,3.4007
16,46,100,0.197404,0.021347,547,444,61,refrigerante,43fc4a894e,2.8152
16,47,100,0.184702,0.020867,536,434,63,refrigerante,618cba1650,2.9492
16,48,100,0.196459,0.021472,548,445,61,refrigerante,2e5accdd99,2.9093
16,49,100,0.195234,0.023204,544,440,63,refrigerante,a20706312e,3.2010
17,0,100,0.172121,0.020163,536,426,63,refrigerante,ed1286705c,1.7935
17,1,100,0.172121,0.020163,536,426,63,refrigerante,ed1286705c,1.7935
17,2,100,0.172121,0.020163,536,426,63,refrigerante,ed1286705c,1.7935
17,3,100,0.172121,0.020163,536,426,63,refrigerante,ed1286705c,1.7935
17,4,100,0.172121,0.020163,536,426,63,refrigerante,ed1286705c,1.7935
17,5,100,0.178804,0.021595,540,437,63,refrigerante,cb486aa232,2.1191
17,6,100,0.197843,0.021489,548,446,62,refrigerante,d9295378c0,1.9375
17,7,100,0.185395,0.022715,539,439,63,refrigerante,ee14bafabf,3.4681
17,8,100,0.189029,0.020202,545,436,60,iogurte,c930e9612e,4.0187
17,9,100,0.192784,0.021662,549,447,63,refrigerante,3883832fa2,3.4282
17,10,100,0.176688,0.019832,536,425,62,refrigerante,0a1e80ba64,3.2644
17,11,100,0.172121,0.020163,536,426,63,refrigerante,ed1286705c,1.7935
17,12,100,0.172121,0.020163,536,426,63,refrigerante,ed1286705c,1.7935
17,13,100,0.178192,0.019089,536,426,62,refrigerante,622056c043,4.3588
17,14,100,0.179057,0.022395,536,431,63,refrigerante,1e73a1c242,4.6722
17,15,100,0.172121,0.020163,536,426,63,refrigerante,ed1286705c,1.7935
17,16,100,0.183278,0.021283,538,440,64,refrigerante,c526283df2,4.6033
17,17,100,0.172121,0.020163,536,426,63,refrigerante,ed1286705c,1.7935
17,18,100,0.172121,0.020163,536,426,63,refrigerante,ed1286705c,1.7935
17,19,100,0.189269,0.019433,547,436,59,iogurte,2483fcbf3b,4.4532
17,20,100,0.179337,0.022125,538,438,64,refrigerante,14b4864605,2.0295
17,21,100,0.172121,0.020163,536,426,63,refrigerante,ed1286705c,1.7935
17,22,100,0.169125,0.020440,534,424,64,refrigerante,42bcd57d43,4.9014
17,23,100,0.175622,0.020557,537,429,64,refrigerante,3ad389d238,3.4007
17,24,100,0.180043,0.020674,537,435,63,refrigerante,ce1d9df49f,2.8208
17,25,100,0.181787,0.022474,536,431,63,refrigerante,52781f9092,5.3031
17,26,100,0.174411,0.019156,537,430,63,iogurte,d1f70b59ad,4.8105
17,27,100,0.179830,0.020205,540,432,62,refrigerante,3acd235d77,4.6687
17,28,100,0.177247,0.021287,530,427,63,refrigerante,58df2c5e35,4.6563
17,29,100,0.189549,0.021676,548,449,62,refrigerante,3b29ce1939,3.7058
17,30,100,0.174491,0.018725,538,423,61,iogurte,4de0c33776,3.5171
17,31,100,0.189495,0.020888,547,445,61,refrigerante,de46555b85,3.2622
17,32,100,0.178325,0.020685,534,432,62,refrigerante,bc5b7819f0,3.3792
17,33,100,0.169258,0.019307,538,425,62,iogurte,a283165a62,3.3752
17,34,100,0.183211,0.021289,535,434,63,refrigerante,fea8620c51,1.8157
17,35,100,0.180043,0.020674,537,435,63,refrigerante,ce1d9df49f,2.8208
17,36,100,0.197843,0.021489,548,446,62,refrigerante,d9295378c0,1.9375
17,37,100,0.172121,0.020163,536,426,63,refrigerante,ed1286705c,1.7935
17,38,100,0.172121,0.020163,536,426,63,refrigerante,ed1286705c,1.7935
17,39,100,0.172121,0.020163,536,426,63,refrigerante,ed1286705c,1.7935
17,40,100,0.172121,0.020163,536,426,63,refrigerante,ed1286705c,1.7935
17,41,100,0.197843,0.021489,548,446,62,refrigerante,d9295378c0,1.9375
17,42,100,0.175622,0.020557,537,429,64,refrigerante,3ad389d238,3.4007
17,43,100,0.172827,0.020984,535,426,64,refrigerante,73959421ca,3.5110
17,44,100,0.172121,0.020163,536,426,63,refrigerante,ed1286705c,1.7935
17,45,100,0.189242,0.020679,548,445,62,iogurte,2c4daf81cd,1.8983
17,46,100,0.173133,0.020916,541,431,65,refrigerante,3090a156a1,3.4346
17,47,100,0.170190,0.019923,535,423,63,refrigerante,85053e8dfb,4.5363
17,48,100,0.172121,0.020163,536,426,63,refrigerante,ed1286705c,1.7935
17,49,100,0.172121,0.020163,536,426,63,refrigerante,ed1286705c,1.7935
18,0,100,0.174491,0.018725,538,423,61,iogurte,4de0c33776,3.5171
18,1,100,0.178192,0.019089,536,426,62,refrigerante,622056c043,4.3588
18,2,100,0.174411,0.019156,537,430,63,iogurte,d1f70b59ad,4.8105
18,3,100,0.169258,0.019307,538,425,62,iogurte,a283165a62,3.3752
18,4,100,0.189269,0.019433,547,436,59,iogurte,2483fcbf3b,4.4532
18,5,100,0.174970,0.018786,537,421,61,iogurte,fd81cb5aa9,4.0901
18,6,100,0.172121,0.020163,536,426,63,refrigerante,ed1286705c,1.7935
18,7,100,0.172121,0.020163,536,426,63,refrigerante,ed1286705c,1.7935
18,8,100,0.169258,0.019307,538,425,62,iogurte,a283165a62,3.3752
18,9,100,0.172121,0.020163,536,426,63,refrigerante,ed1286705c,1.7935
18,10,100,0.175822,0.019913,536,422,62,refrigerante,3389d89366,3.3863
18,11,100,0.171309,0.020249,538,427,64,refrigerante,1a7b3c991f,2.6129
18,12,100,0.174491,0.018725,538,423,61,iogurte,4de0c33776,3.5171
18,13,100,0.172121,0.020163,536,426,63,refrigerante,ed1286705c,1.7935
18,14,100,0.174491,0.018725,538,423,61,iogurte,4de0c33776,3.5171
18,15,100,0.172121,0.020163,536,426,63,refrigerante,ed1286705c,1.7935
18,16,100,0.174491,0.018725,538,423,61,iogurte,4de0c33776,3.5171
18,17,100,0.172121,0.020163,536,426,63,refrigerante,ed1286705c,1.7935
18,18,100,0.189269,0.019433,547,436,59,iogurte,2483fcbf3b,4.4532
18,19,100,0.172121,0.020163,536,426,63,refrigerante,ed1286705c,1.7935
18,20,100,0.189269,0.019433,547,436,59,iogurte,2483fcbf3b,4.4532
18,21,100,0.172121,0.020163,536,426,63,refrigerante,ed1286705c,1.7935
18,22,100,0.169125,0.020440,534,424,64,refrigerante,42bcd57d43,4.9014
18,23,100,0.174491,0.018725,538,423,61,iogurte,4de0c33776,3.5171
18,24,100,0.172121,0.020163,536,426,63,refrigerante,ed1286705c,1.7935
18,25,100,0.172121,0.020163,536,426,63,refrigerante,ed1286705c,1.7935
18,26,100,0.172121,0.020163,536,426,63,refrigerante,ed1286705c,1.7935
18,27,100,0.177220,0.019993,535,431,64,refrigerante,e71320b8d2,1.9213
18,28,100,0.169258,0.019307,538,425,62,iogurte,a283165a62,3.3752
18,29,100,0.172121,0.020163,536,426,63,refrigerante,ed1286705c,1.7935
18,30,100,0.172121,0.020163,536,426,63,refrigerante,ed1286705c,1.7935
18,31,100,0.172121,0.020163,536,426,63,refrigerante,ed1286705c,1.7935
18,32,100,0.172121,0.020163,536,426,63,refrigerante,ed1286705c,1.7935
18,33,100,0.176688,0.019832,536,425,62,refrigerante,0a1e80ba64,3.2644
18,34,100,0.178192,0.019089,536,426,62,refrigerante,622056c043,4.3588
18,35,100,0.172121,0.020163,536,426,63,refrigerante,ed1286705c,1.7935
18,36,100,0.172121,0.020163,536,426,63,refrigerante,ed1286705c,1.7935
18,37,100,0.178538,0.019339,535,426,62,refrigerante,9c2172d373,2.4926
18,38,100,0.176235,0.019559,537,425,62,refrigerante,bca33d2c6b,2.9745
18,39,100,0.178192,0.019089,536,426,62,refrigerante,622056c043,4.3588
18,40,100,0.169258,0.019307,538,425,62,iogurte,a283165a62,3.3752
18,41,100,0.183810,0.019276,541,430,60,iogurte,ce6a211eab,2.3860
18,42,100,0.179790,0.021192,542,432,62,iogurte,85d9cd4f34,2.5398
18,43,100,0.172121,0.020163,536,426,63,refrigerante,ed1286705c,1.7935
18,44,100,0.172121,0.020163,536,426,63,refrigerante,ed1286705c,1.7935
18,45,100,0.172121,0.020163,536,426,63,refrigerante,ed1286705c,1.7935
18,46,100,0.172121,0.020163,536,426,63,refrigerante,ed1286705c,1.7935
18,47,100,0.172121,0.020163,536,426,63,refrigerante,ed1286705c,1.7935
18,48,100,0.172121,0.020163,536,426,63,refrigerante,ed1286705c,1.7935
18,49,100,0.189855,0.021949,548,440,63,iogurte,c1ade568d9,3.5606
19,0,100,0.174491,0.018725,538,423,61,iogurte,4de0c33776,3.5171
19,1,100,0.174491,0.018725,538,423,61,iogurte,4de0c33776,3.5171
19,2,100,0.174491,0.018725,538,423,61,iogurte,4de0c33776,3.5171
19,3,100,0.174491,0.018725,538,423,61,iogurte,4de0c33776,3.5171
19,4,100,0.174491,0.018725,538,423,61,iogurte,4de0c33776,3.5171
19,5,100,0.174491,0.018725,538,423,61,iogurte,4de0c33776,3.5171
19,6,100,0.174491,0.018725,538,423,61,iogurte,4de0c33776,3.5171
19,7,100,0.176235,0.019559,537,425,62,refrigerante,bca33d2c6b,2.9745
19,8,100,0.178125,0.020718,536,431,64,refrigerante,1971e9f4ba,2.7934
19,9,100,0.176275,0.019723,535,428,63,refrigerante,d18fad9943,2.8057
19,10,100,0.176235,0.019559,537,425,62,refrigerante,bca33d2c6b,2.9745
19,11,100,0.174491,0.018725,538,423,61,iogurte,4de0c33776,3.5171
19,12,100,0.174970,0.018786,537,421,61,iogurte,fd81cb5aa9,4.0901
19,13,100,0.169258,0.019307,538,425,62,iogurte,a283165a62,3.3752
19,14,100,0.178192,0.019089,536,426,62,refrigerante,622056c043,4.3588
19,15,100,0.175476,0.019482,539,424,62,iogurte,c3221c4412,2.5166
19,16,100,0.174491,0.018725,538,423,61,iogurte,4de0c33776,3.5171
19,17,100,0.169258,0.019307,538,425,62,iogurte,a283165a62,3.3752
19,18,100,0.169258,0.019307,538,425,62,iogurte,a283165a62,3.3752
19,19,100,0.172121,0.020163,536,426,63,refrigerante,ed1286705c,1.7935
19,20,100,0.169258,0.019307,538,425,62,iogurte,a283165a62,3.3752
19,21,100,0.178192,0.019089,536,426,62,refrigerante,622056c043,4.3588
19,22,100,0.174491,0.018725,538,423,61,iogurte,4de0c33776,3.5171
19,23,100,0.178192,0.019089,536,426,62,refrigerante,622056c043,4.3588
19,24,100,0.178192,0.019089,536,426,62,refrigerante,622056c043,4.3588
19,25,100,0.174411,0.019156,537,430,63,iogurte,d1f70b59ad,4.8105
19,26,100,0.174491,0.018725,538,423,61,iogurte,4de0c33776,3.5171
19,27,100,0.174171,0.018091,537,424,60,iogurte,516643a769,3.2137
19,28,100,0.177047,0.019239,537,425,63,refrigerante,7de988fb27,2.8706
19,29,100,0.175023,0.018882,540,425,62,refrigerante,1f642ecc9e,3.1621
19,30,100,0.174491,0.018725,538,423,61,iogurte,4de0c33776,3.5171
19,31,100,0.169804,0.019369,537,423,62,iogurte,089583974b,2.9075
19,32,100,0.174491,0.018725,538,423,61,iogurte,4de0c33776,3.5171
19,33,100,0.176688,0.019832,536,425,62,refrigerante,0a1e80ba64,3.2644
19,34,100,0.169258,0.019307,538,425,62,iogurte,a283165a62,3.3752
19,35,100,0.172747,0.019481,539,425,62,iogurte,0f0f88838e,2.8311
19,36,100,0.169258,0.019307,538,425,62,iogurte,a283165a62,3.3752
19,37,100,0.186939,0.019080,544,434,58,iogurte,35550732ba,2.4799
19,38,100,0.178099,0.019315,536,426,63,refrigerante,e1b9576aed,3.0704
19,39,100,0.189269,0.019433,547,436,59,iogurte,2483fcbf3b,4.4532
19,40,100,0.178964,0.019188,536,425,62,refrigerante,fbb6f6846d,2.3807
19,41,100,0.166702,0.020388,537,423,63,iogurte,6206d0ad7e,2.4246
19,42,100,0.174011,0.018355,538,419,60,iogurte,21bcebe1c2,2.8543
19,43,100,0.176927,0.018308,536,422,61,iogurte,ba4400ea3d,2.6984
19,44,100,0.176235,0.019559,537,425,62,refrigerante,bca33d2c6b,2.9745
19,45,100,0.174491,0.018725,538,423,61,iogurte,4de0c33776,3.5171
19,46,100,0.177446,0.020290,537,424,63,refrigerante,76f2584203,2.8999
19,47,100,0.174504,0.020924,539,430,63,refrigerante,93fe07013b,2.3094
19,48,100,0.186100,0.019382,542,433,59,iogurte,b997ce5a31,3.3463
19,49,100,0.168926,0.020102,533,419,62,iogurte,b47d92bb16,3.2784
20,0,100,0.174171,0.018091,537,424,60,iogurte,516643a769,3.2137
20,1,100,0.176927,0.018308,536,422,61,iogurte,ba4400ea3d,2.6984
20,2,100,0.174011,0.018355,538,419,60,iogurte,21bcebe1c2,2.8543
20,3,100,0.174491,0.018725,538,423,61,iogurte,4de0c33776,3.5171
20,4,100,0.174491,0.018725,538,423,61,iogurte,4de0c33776,3.5171
20,5,100,0.174491,0.018725,538,423,61,iogurte,4de0c33776,3.5171
20,6,100,0.174491,0.018725,538,423,61,iogurte,4de0c33776,3.5171
20,7,100,0.174491,0.018725,538,423,61,iogurte,4de0c33776,3.5171
20,8,100,0.174491,0.018725,538,423,61,iogurte,4de0c33776,3.5171
20,9,100,0.169258,0.019307,538,425,62,iogurte,a283165a62,3.3752
20,10,100,0.174970,0.018786,537,421,61,iogurte,fd81cb5aa9,4.0901
20,11,100,0.175130,0.018512,535,419,60,iogurte,ee1ddcf14d,3.7792
20,12,100,0.174491,0.018725,538,423,61,iogurte,4de0c33776,3.5171
20,13,100,0.174491,0.018725,538,423,61,iogurte,4de0c33776,3.5171
20,14,100,0.174491,0.018725,538,423,61,iogurte,4de0c33776,3.5171
20,15,100,0.176235,0.019559,537,425,62,refrigerante,bca33d2c6b,2.9745
20,16,100,0.176408,0.018277,537,424,61,iogurte,95be3f8559,4.5964
20,17,100,0.176435,0.019098,538,422,61,iogurte,e60d5c3442,2.7155
20,18,100,0.172747,0.019481,539,425,62,iogurte,0f0f88838e,2.8311
