nm_item,nm_product,metric_value,metric_type,optimization_goal
SABT PALMOLIVE MELANCIA LICHIA DRM 85g,sabonete,0.2469380177029856,f1_macro_on_full,maximize
OVO CAIPIRA TP GRANDE VERMELHO C 12 OVOS,ovo,0.2469380177029856,f1_macro_on_full,maximize
MASSA PASTEL CUMB MASSA LEVE 500G,massa fresca,0.2469380177029856,f1_macro_on_full,maximize
CERV 1500 PM 269ML,cerveja,0.2469380177029856,f1_macro_on_full,maximize
"PAPADA SUINA FRIMESA DEF KG (10,5)",carne suina,0.2469380177029856,f1_macro_on_full,maximize
BISC LEITE MALTADO PIRAQUE 85G RECH CHOC AVELA,biscoito,0.2469380177029856,f1_macro_on_full,maximize
CANETA BIC CRISTAL ULTRA FINA 3X1,caneta,0.2469380177029856,f1_macro_on_full,maximize
PROT.DIAR.PLENITUD C/14 S/AB FEMME MED.,absorvente,0.2469380177029856,f1_macro_on_full,maximize
DOCE LEITE AMEIXA CAMBUI PT 200G,outro doce,0.2469380177029856,f1_macro_on_full,maximize
ACAI CONG FROOTY GRANOLA PT 200ML,acai,0.2469380177029856,f1_macro_on_full,maximize
COGUM FRESC SHIMEJI ARTE TERRA PTR 200G,cogumelo,0.2469380177029856,f1_macro_on_full,maximize
QA CHOCOLATE 50 CACAU 200G,chocolate,0.2469380177029856,f1_macro_on_full,maximize
FERMENTO FRESCO FLEISCHMANN MASSA S 500G,fermento,0.2469380177029856,f1_macro_on_full,maximize
MACN.CHEESE SADIA 350G TRAD.CONG.,outro congelado,0.2469380177029856,f1_macro_on_full,maximize
AP DEPIL BIC C/2 COMFORT3 PINK,aparelho de barbear e depilatorio,0.2469380177029856,f1_macro_on_full,maximize
NECTAR MAGUARY MACA            .TP   1LT,suco pronto,0.2469380177029856,f1_macro_on_full,maximize
LENCO UMED FEM INTIMUS C16,lenco umedecido,0.2469380177029856,f1_macro_on_full,maximize
FILE MIGNON MATURATTA FRIBOI PECA KG,carne bovina,0.2469380177029856,f1_macro_on_full,maximize
OVO VERMELHO GDE SANTA MONICA ESTJ C12,ovo,0.2469380177029856,f1_macro_on_full,maximize
PAO DE QJ MUSSARELA KG,padaria e confeitaria fresca,0.2469380177029856,f1_macro_on_full,maximize
ESCOVA DENT COLGATE COLORS MED C/5,escova de dentes,0.2469380177029856,f1_macro_on_full,maximize
KETCHUP HEINZ PICANTE 397G,ketchup,0.2469380177029856,f1_macro_on_full,maximize
ABACAXI PEROLA FAT BD UN,abacaxi,0.2469380177029856,f1_macro_on_full,maximize
CASTANHA CAJU ANGELICA 100G,"nozes, castanhas e outras oleaginosas",0.2469380177029856,f1_macro_on_full,maximize
BISC SPANTOOO WAFER CHOCOLATE 80g,biscoito,0.2469380177029856,f1_macro_on_full,maximize
"COLOMBA PASCAL BAUDUCCO CX 600g, M CHOC",panificacao pascoa,0.2469380177029856,f1_macro_on_full,maximize
LICOR COINTREAU FRANCES 700ML,licor,0.2469380177029856,f1_macro_on_full,maximize
RACAO CAES DOG CHOW FILHOTE FGO MACA,alimento pet,0.2469380177029856,f1_macro_on_full,maximize
ALHO TRITURADO LEAL SABOR 450GR,alho processado,0.2469380177029856,f1_macro_on_full,maximize
CEREAL BARRA RITTER BRIGADEIRO 66g,barra alimentar,0.2469380177029856,f1_macro_on_full,maximize
OVO BCO GDE C 20 UNID,ovo,0.2469380177029856,f1_macro_on_full,maximize
BEBIDA FILTRADA 660ML,espumante,0.2469380177029856,f1_macro_on_full,maximize
FAROFA SAMISEKI MANDIOCA CEBOLA 300G,farofa pronta,0.2469380177029856,f1_macro_on_full,maximize
MAC.ADRIA 1KG ESPAG.SEMOLA 8,macarrao,0.2469380177029856,f1_macro_on_full,maximize
CERVEJA  ESTRELLA GALICIA LATA 473ml,cerveja,0.2469380177029856,f1_macro_on_full,maximize
MOSTARDA BISN RIBS 190g,mostarda,0.2469380177029856,f1_macro_on_full,maximize
TIRA MANCHA OMO 380G-REFIL EX-PODER RPA BCA,alvejante,0.2469380177029856,f1_macro_on_full,maximize
GOMA MASCAR TRIDENT MORANGO      PCT C/4,goma de mascar,0.2469380177029856,f1_macro_on_full,maximize
"MISTURA P/BOLO VILMA 400G, FESTA",preparo para bolo,0.2469380177029856,f1_macro_on_full,maximize
AMAC CONC COMFORT PURO CUIDADO 500ML,amaciante,0.2469380177029856,f1_macro_on_full,maximize
CEREAL SUCRILHOS POWER CHOC.    CX 240GR,cereal matinal,0.2469380177029856,f1_macro_on_full,maximize
CIG MARBORO DOUBLE FUSION KS RBC,cigarro,0.2469380177029856,f1_macro_on_full,maximize
TEMPERO SAZON 60GR AMARELO P/LEGUM,tempero pronto,0.2469380177029856,f1_macro_on_full,maximize
PALMITO PUPUNHA TING PICADO 300G,palmito,0.2469380177029856,f1_macro_on_full,maximize
SAB BARRA ANTIBAC PROTEX PRO HIDR 80G,sabonete,0.2469380177029856,f1_macro_on_full,maximize
ALIM CAES PEDIGREE FILHOT CARNE SC 100G,alimento pet,0.2469380177029856,f1_macro_on_full,maximize
CHOC TALENTO 85G MEIO AMARGO AMENDOAS,chocolate,0.2469380177029856,f1_macro_on_full,maximize
CANELA EM PO SOL DOS ANDES 70G,canela,0.2469380177029856,f1_macro_on_full,maximize
COND PANTENE BAMBU 250ml,condicionador,0.2469380177029856,f1_macro_on_full,maximize
MINI BOLINHA DE REQUEIJAO 15G,padaria e confeitaria fresca,0.2469380177029856,f1_macro_on_full,maximize
SACO LIXO ROLO BAG ROLL 100L C/25,saco de lixo,0.2469380177029856,f1_macro_on_full,maximize
CERV ESTRELLA GALICIA LT 350ML PURO MALTE,cerveja,0.2469380177029856,f1_macro_on_full,maximize
BACON DEF PALETA CRY KG,carne suina,0.2469380177029856,f1_macro_on_full,maximize
ADESIVO UNIPEGA 20G INST BOND 007 SEGUND,cola,0.2469380177029856,f1_macro_on_full,maximize
CHOC ARCOR 80G MORANGO,chocolate,0.2469380177029856,f1_macro_on_full,maximize
BBOM ALPINO NESTLE BAG         195G,chocolate,0.2469380177029856,f1_macro_on_full,maximize
PAPEL HIG NEVE PREM CONF F TRIPLA C/6 UN,papel higienico,0.2469380177029856,f1_macro_on_full,maximize
QUEIJ PRAT ZERO LACTOS FAT LAC LELO 150G,queijo,0.2469380177029856,f1_macro_on_full,maximize
CALDO MAGGI 57GR LEGUMES,caldo industrializado,0.2469380177029856,f1_macro_on_full,maximize
E-MATE MADRUGADA TRADIC 500G,erva mate,0.2469380177029856,f1_macro_on_full,maximize
SUCO DEL VALLE 100  MACA TP 200ML,suco pronto,0.2469380177029856,f1_macro_on_full,maximize
RODO SIMPLES PLASTICO CRF SORTIDO 40CM,rodo,0.2469380177029856,f1_macro_on_full,maximize
TALCO JOHNSONS BABY 200G,talco infantil,0.2469380177029856,f1_macro_on_full,maximize
GELAT OETKER 24G S/SABOR BRANCA,gelatina,0.2469380177029856,f1_macro_on_full,maximize
LENCO DESINF OMO 15UN,lenco umedecido,0.2469380177029856,f1_macro_on_full,maximize
BOXER AD MICR LINK20 M GG SORT,cueca,0.2469380177029856,f1_macro_on_full,maximize
IOG NAT NOLAC INT 170G,iogurte,0.2469380177029856,f1_macro_on_full,maximize
TOALHA DE ROSTO SPA AZUL,toalha,0.2469380177029856,f1_macro_on_full,maximize
CHOC PO GAROTO CX 200G,chocolate em po,0.2469380177029856,f1_macro_on_full,maximize
"INSET SBP RF 45 NOITES GTS AP, ANTIAEDES",repelente,0.2469380177029856,f1_macro_on_full,maximize
"CERV ESTRELLA GAL 0,0 BLACK 250ML",cerveja,0.2469380177029856,f1_macro_on_full,maximize
ALHO SAO FRANCISCO 200GR C/CEBOLA TRITURADO,alho processado,0.2469380177029856,f1_macro_on_full,maximize
CAFE NESCAFE 144GR DOLCE GUSTO MATINAL,cafe,0.2469380177029856,f1_macro_on_full,maximize
BALA 7 BELO 150G FRAMBOESA,bala,0.2469380177029856,f1_macro_on_full,maximize
ARROZ BCO NAMORADO T1 5KG,arroz,0.2469380177029856,f1_macro_on_full,maximize
BALA FLORESTAL CORACAO MORANGO  PE  108G,bala,0.2469380177029856,f1_macro_on_full,maximize
DOCE LEITE COOP 400G,outro doce,0.2469380177029856,f1_macro_on_full,maximize
CHOC TWIX TRIPLE 40G,chocolate,0.2469380177029856,f1_macro_on_full,maximize
NECTAR MISTO TIAL 1L-TP BX CALORIA LAR/ MARACUJA,suco pronto,0.2469380177029856,f1_macro_on_full,maximize
"GRANOLA JASMINE Z/A 250G, FRUTAS TROP, .",granola,0.2469380177029856,f1_macro_on_full,maximize
DESINF OMO 1L FORCA NATUREZA,desinfetante,0.2469380177029856,f1_macro_on_full,maximize
M OVO D BENTA ESPAGUETIN 500G,macarrao,0.2469380177029856,f1_macro_on_full,maximize
BANANA PASSA GORILLA POWER 60G C/CHOC,barra alimentar,0.2469380177029856,f1_macro_on_full,maximize
ALFACE  LISA LINHA AZUL un,alface,0.2469380177029856,f1_macro_on_full,maximize
LAMP LED OUROLUX 15W BIVOLT,lampada,0.2469380177029856,f1_macro_on_full,maximize
MANTEIGA GRAN MESTRI S/S POTE 200g,manteiga,0.2469380177029856,f1_macro_on_full,maximize
DOCE RITTER LIGHT MORANGO       PT 380GR,outro doce,0.2469380177029856,f1_macro_on_full,maximize
MEL ORGANICO 40G APIS  VIDA,mel,0.2469380177029856,f1_macro_on_full,maximize
GELATINA PO DIET DR OETKER FRAM 12g,gelatina,0.2469380177029856,f1_macro_on_full,maximize
ARROZ T1 TIO URBANO 5KG,arroz,0.2469380177029856,f1_macro_on_full,maximize
OVO PASC LACTA N15 277G SONHO VALSA,ovo de pascoa,0.2469380177029856,f1_macro_on_full,maximize
TOALHA PAPEL ABSOLUTO DECOR 60FL C/2,papel toalha,0.2469380177029856,f1_macro_on_full,maximize
SHA COND TRESEMME HID PROF 400ML P ESP,kit para cabelos,0.2469380177029856,f1_macro_on_full,maximize
LT PO DES PIRAC  200G,leite em po,0.2469380177029856,f1_macro_on_full,maximize
BACON PERDIGAO DEF INT,carne suina,0.2469380177029856,f1_macro_on_full,maximize
BOLO BEBEZINHO CHOC SUICO PANCO 35G,padaria e confeitaria industrializado,0.2469380177029856,f1_macro_on_full,maximize
"SARDINHA 88 LT 125G, OLEO, .",proteina em conserva,0.2469380177029856,f1_macro_on_full,maximize
CJ COPO NADIR AMAZON 190ML C/6,copo,0.2469380177029856,f1_macro_on_full,maximize
PIPOCA DA MAGRINHA MICR INT MANT 90G,pipoca para microondas,0.2469380177029856,f1_macro_on_full,maximize
IOGURTE HOLANDES PEDACOS COCO   PT 500GR,iogurte,0.2469380177029856,f1_macro_on_full,maximize
"SALGADINHO MILHO FLITAO 140G, GALINHA",aperitivo,0.2469380177029856,f1_macro_on_full,maximize
OVO PASCOA GAROTO 350GR CAST PARA TALENTO,ovo de pascoa,0.2469380177029856,f1_macro_on_full,maximize
QA OVOS BRANCO EXTRA DZ QUALITA,ovo,0.2469380177029856,f1_macro_on_full,maximize
MORTADELA PERDIGAO OURO FAT         200G,mortadela,0.2469380177029856,f1_macro_on_full,maximize
EMPD BIG SEARA TEKITOS 900G QUEIJO/OREGANO,empanado congelado,0.2469380177029856,f1_macro_on_full,maximize
BRASART 160MG C/30 COMPRIMIDOS SIGMA PHA,outro farma,0.2469380177029856,f1_macro_on_full,maximize
L.FERM FRUTAP 850G C/SUCO LARANJA,leite fermentado,0.2469380177029856,f1_macro_on_full,maximize
CURATIVO BONTRAZ TRANSPARENTE C/40,curativo adesivo,0.2469380177029856,f1_macro_on_full,maximize
CHOC.TOBLERONE 100G BRANCO,chocolate,0.2469380177029856,f1_macro_on_full,maximize
PACOCA ROLHA STA HELENA 350G,pacoca,0.2469380177029856,f1_macro_on_full,maximize
QJO CREAM CHEESE PRESIDENT POTE 150G,queijo,0.2469380177029856,f1_macro_on_full,maximize
FILTRO PAPEL MELITTA CAFETEIRA ELETR N 2,coador,0.2469380177029856,f1_macro_on_full,maximize
SAB. LUX LIQ.REFIL BOT.O NEGRA  SH 200ML,sabonete,0.2469380177029856,f1_macro_on_full,maximize
BUCHA VEG NATUS PED,esponja de banho,0.2469380177029856,f1_macro_on_full,maximize
"SORV GAROTO NEGRESCO 1,5 L",sorvete,0.2469380177029856,f1_macro_on_full,maximize
ALIM.CAES DOGUITOS 45G LINGUICINHA,alimento pet,0.2469380177029856,f1_macro_on_full,maximize
ROSQUINHA DE COCO RANCHEIRO 700G,biscoito,0.2469380177029856,f1_macro_on_full,maximize
PIZZA SEARA 460G  CALABRESA,pizza congelada,0.2469380177029856,f1_macro_on_full,maximize
BIPACK CCOMA FTAGUA,refrigerante,0.2469380177029856,f1_macro_on_full,maximize
ACHOC PO NESCAU 2.0 ACTIGEN SACH 550G,achocolatado,0.2469380177029856,f1_macro_on_full,maximize
MOLHO SALADA HELLMANNS LIM ERV FIN 210ML,molho para salada,0.2469380177029856,f1_macro_on_full,maximize
RACAO WHISKAS TEMPTATI SALMAO40G,alimento pet,0.2469380177029856,f1_macro_on_full,maximize
MISTURA LACT COND SABOROSO 395G,leite condensado,0.2469380177029856,f1_macro_on_full,maximize
FARINHA LACTEA NESTLE ZERO ACUC 160G,cereal infantil ou farinha lactea,0.2469380177029856,f1_macro_on_full,maximize
PEDRA SANIT GOTA LIM AZUL 35GR,pedra sanitaria,0.2469380177029856,f1_macro_on_full,maximize
SUCO DE UVA 300ML,suco pronto,0.2469380177029856,f1_macro_on_full,maximize
BOLINHO CASA SUICA T MONI CHOCOLATE,padaria e confeitaria industrializado,0.2469380177029856,f1_macro_on_full,maximize
TORRADA BASILICO CASA VITORIA 150G,torrada,0.2469380177029856,f1_macro_on_full,maximize
IOG INF NINHO 170G MACA/BANANA,iogurte,0.2469380177029856,f1_macro_on_full,maximize
LINGUICA FININHA GUANABARA 500G,linguica,0.2469380177029856,f1_macro_on_full,maximize
BATATA LISA MC Kg,aperitivo,0.2469380177029856,f1_macro_on_full,maximize
VODKA NAC SMIRNOFF RED 998ML,vodca,0.2469380177029856,f1_macro_on_full,maximize
PICOLE KIBON MAGNUN CHOCOLATE BELGA  69G,picole,0.2469380177029856,f1_macro_on_full,maximize
CREME DE LEITE NOTMILK 200G,creme de leite,0.2469380177029856,f1_macro_on_full,maximize
SABON PALMOLIVE NATUR 85G OLEO NUTR CAMEL,sabonete,0.2469380177029856,f1_macro_on_full,maximize
"BISC MARILAN TORT 140G, LIMAO, .",biscoito,0.2469380177029856,f1_macro_on_full,maximize
HAMBURGUER SADIA BOV CHURR 672g HBTC,hamburguer congelado,0.2469380177029856,f1_macro_on_full,maximize
"SNACK MARILAN TEENS 80G, QUEIJO, .",aperitivo,0.2469380177029856,f1_macro_on_full,maximize
COMPOSTO LACT MOLICO S/LACTOSE 260G,formula lactea,0.2469380177029856,f1_macro_on_full,maximize
ACHOCOLATADO NESCAU ACTIV-GO LV PG- 730G,achocolatado,0.2469380177029856,f1_macro_on_full,maximize
ARROZ T1 SOLITO 5KG,arroz,0.2469380177029856,f1_macro_on_full,maximize
C MOIDA TILAPIA NETUNO 500GR,peixe,0.2469380177029856,f1_macro_on_full,maximize
BEB MISTA MAGUARY F-SHOOT 150ML-TP MOR,suco pronto,0.2469380177029856,f1_macro_on_full,maximize
CR DENT COLGATE NEUTRACUCAR 70G,creme dental,0.2469380177029856,f1_macro_on_full,maximize
"RC PEDIG CAO AD RP  10,1KG",alimento pet,0.2469380177029856,f1_macro_on_full,maximize
IOG VIGOR GREGO ZERO MARACUJA 100g,iogurte,0.2469380177029856,f1_macro_on_full,maximize
FOLHA LOURO KISABOR 4G,louro,0.2469380177029856,f1_macro_on_full,maximize
LINGUICINHA FRANGO CHURRAS 30G,linguica,0.2469380177029856,f1_macro_on_full,maximize
DUNHILL RED BOX BC,cigarro,0.2469380177029856,f1_macro_on_full,maximize
"CALDO SAZON 37.5G, COSTELA",caldo industrializado,0.2469380177029856,f1_macro_on_full,maximize
IOGURTE VIGOR GREGO TRADICIONAL PT 100G,iogurte,0.2469380177029856,f1_macro_on_full,maximize
DESOD AER REXONA AP INVIS 250ml LE PG-,desodorante,0.2469380177029856,f1_macro_on_full,maximize
CAFE RANCHEIRO TRAD 500G,cafe,0.2469380177029856,f1_macro_on_full,maximize
"BISC CLUB SOCIAL, 141G PRESUNTO",biscoito,0.2469380177029856,f1_macro_on_full,maximize
GEL DENTAL CLOSE-UP 100GR LIQUIDO FRESH ICE,creme dental,0.2469380177029856,f1_macro_on_full,maximize
PAPEL HIG FD MIMMO L24P21,papel higienico,0.2469380177029856,f1_macro_on_full,maximize
BOLO MILHO SAO LUIZ  650G,padaria e confeitaria fresca,0.2469380177029856,f1_macro_on_full,maximize
ABS MILI INTENSO NOT C/ABAS L16P14 SUAVE,absorvente,0.2469380177029856,f1_macro_on_full,maximize
ERVILHA ODERICH LT 200G,ervilha em conserva,0.2469380177029856,f1_macro_on_full,maximize
PANO MICROFRIBRA UNI C4 SORTIDOS,pano para limpeza,0.2469380177029856,f1_macro_on_full,maximize
SELETA SUAVE BONDUELLE 4X200GR,vegetal em conserva,0.2469380177029856,f1_macro_on_full,maximize
PACK 6SAB REXONA ANT FRESH 504G,sabonete,0.2469380177029856,f1_macro_on_full,maximize
"BEB SOJA ADES 1L, UVA",bebida de soja,0.2469380177029856,f1_macro_on_full,maximize
ABACAXI PEROLA UND,abacaxi,0.2469380177029856,f1_macro_on_full,maximize
ABS S LIVRE ADAPT P C/ABAS C16 L P- SUAVE,absorvente,0.2469380177029856,f1_macro_on_full,maximize
EXT TOM ELEFANTE 300G,extrato de tomate,0.2469380177029856,f1_macro_on_full,maximize
ODORIZ GLADE 269ML RF AUT FRUT/FL OF ESP,aromatizador,0.2469380177029856,f1_macro_on_full,maximize
FARINHA TRIGO MARIA INES 5KG,farinha de trigo,0.2469380177029856,f1_macro_on_full,maximize
"REFRIG ANTARCTIC 350ML, SODA LIM DIET, .",refrigerante,0.2469380177029856,f1_macro_on_full,maximize
MOLHO PIMENTA TCHETTO 150ML CASEIRO,molho de pimenta,0.2469380177029856,f1_macro_on_full,maximize
KIT APARELHO SBP   REFIL 35ML REFIL ELETRICO,repelente,0.2469380177029856,f1_macro_on_full,maximize
RODO BRILHUS PLASTICO C/CABO    AV   1UN,rodo,0.2469380177029856,f1_macro_on_full,maximize
SAB LIQ  JOHNSONS BABY HORA SONO 200ML,sabonete infantil,0.2469380177029856,f1_macro_on_full,maximize
PEPINO COMUM Kg,pepino,0.2469380177029856,f1_macro_on_full,maximize
BON GOUTER SUICO 100G,aperitivo,0.2469380177029856,f1_macro_on_full,maximize
VIN TTO RAVANAL GF 750ML CAB SAUVIG,vinho importado,0.2469380177029856,f1_macro_on_full,maximize
OVOS VERMELHO FABIANY           CX   1DZ,ovo,0.2469380177029856,f1_macro_on_full,maximize
ESFIHA FECHADA DE CARNE ARTESANAL 100g,prato pronto,0.2469380177029856,f1_macro_on_full,maximize
AMAC BARBAREX 2L PREMIUM LA FEMME,amaciante,0.2469380177029856,f1_macro_on_full,maximize
CR DENTAL COLGATE T 60G TEEN TITANS GO,creme dental,0.2469380177029856,f1_macro_on_full,maximize
COOKIE INT AVEIAMEL PROLEV 150G,biscoito,0.2469380177029856,f1_macro_on_full,maximize
BANANA MACA KG,banana,0.2469380177029856,f1_macro_on_full,maximize
SCH PUR ONE CAO NUTR 85GR,alimento pet,0.2469380177029856,f1_macro_on_full,maximize
ALHO FRITO TEMPERATTA PUCHE 20G,tempero pronto,0.2469380177029856,f1_macro_on_full,maximize
MOLHO TOM TRAD HEINZ SC 250G,molho de tomate,0.2469380177029856,f1_macro_on_full,maximize
GELATINA OETKER ZERO LIMAaO      CX  12GR,gelatina,0.2469380177029856,f1_macro_on_full,maximize
"AMAC DOWNY 1,350ML CONC ADORAVEL",amaciante,0.2469380177029856,f1_macro_on_full,maximize
HAMB PERDIGAO FRANGO 56 G,hamburguer congelado,0.2469380177029856,f1_macro_on_full,maximize
MASSA PARA PIZZA BUONA  C/2  400G,massa de pizza,0.2469380177029856,f1_macro_on_full,maximize
FAROFA PRON CHAO PRETO 350G ARTESAN TRAD,farofa pronta,0.2469380177029856,f1_macro_on_full,maximize
LIMPA VIDROS VIDREX 500ML DESC 30,limpa vidros,0.2469380177029856,f1_macro_on_full,maximize
SELETA LEGUMES ODERICH LTA 200G,vegetal em conserva,0.2469380177029856,f1_macro_on_full,maximize
"GELATINA PO OETKER 24g, VERM",gelatina,0.2469380177029856,f1_macro_on_full,maximize
CAFE NESCAFE 256G DOLCE GUSTO CHOCOCINO,cafe,0.2469380177029856,f1_macro_on_full,maximize
IOG FUNC ACTIVIA ZERO AMEIXA 800G,iogurte,0.2469380177029856,f1_macro_on_full,maximize
TOMATE SECO AICA 100G,vegetal em conserva,0.2469380177029856,f1_macro_on_full,maximize
QUEIJO MUSSARELA PROMO PEDACO KG,queijo,0.2469380177029856,f1_macro_on_full,maximize
"PANET BAUDUCCO 80G, FRUTAS",panificacao natal,0.2469380177029856,f1_macro_on_full,maximize
REQUEIJAO ELEGE LIGHT 400g,requeijao,0.2469380177029856,f1_macro_on_full,maximize
"DESOD AXE 152ML AERO MASC, APOLLO",desodorante,0.2469380177029856,f1_macro_on_full,maximize
CERVEJA BLACK PRINCESS GOLD LT 350ML,cerveja,0.2469380177029856,f1_macro_on_full,maximize
"BISC VITARELLA TRAD 350G, MAIZENA, .",biscoito,0.2469380177029856,f1_macro_on_full,maximize
BACON PERDIGAO DEFUMADO S/ COST MANTA KG,carne suina,0.2469380177029856,f1_macro_on_full,maximize
LING TOSC SADIA 950G,linguica,0.2469380177029856,f1_macro_on_full,maximize
CONHAQUE DOMECQ 1L,conhaque,0.2469380177029856,f1_macro_on_full,maximize
VICK  PYRENA MEL/LIMAO C/01 SAC  PROCTER,outro farma,0.2469380177029856,f1_macro_on_full,maximize
PEITO PERU DEF.SADIA PC.KG,peito de peru,0.2469380177029856,f1_macro_on_full,maximize
COOKIES LACTA SHOT               PE  80G,biscoito,0.2469380177029856,f1_macro_on_full,maximize
FLOCUSCUZ CORINGA  500G,floco de milho,0.2469380177029856,f1_macro_on_full,maximize
MUSCULO FRIBOI RESERVA BAND KG,carne bovina,0.2469380177029856,f1_macro_on_full,maximize
BARRA PROT.LINEA COOKIESA N CRE  AV   32G,barra alimentar,0.2469380177029856,f1_macro_on_full,maximize
TOALHAS UMED UNI BABY C50 HORA SONO,lenco umedecido,0.2469380177029856,f1_macro_on_full,maximize
GUARDANAPO BOB FOLHA SIMPLES 20X23 C/100,guardanapo,0.2469380177029856,f1_macro_on_full,maximize
TV 55 LG UN7100PSA PRETA 1UN,televisao,0.2469380177029856,f1_macro_on_full,maximize
DESOD NIVEA FEM PEARL BEA EMB ECON 200ML,desodorante,0.2469380177029856,f1_macro_on_full,maximize
LAVA ROUPAS LIQ OMO SACHE 900ML SPORTS,lava roupas,0.2469380177029856,f1_macro_on_full,maximize
LAVA ROUPAS OMO 900ML REFIL CUIDADO INTENS,lava roupas,0.2469380177029856,f1_macro_on_full,maximize
AVE FIESTA SEARA KG,carne de ave sazonal,0.2469380177029856,f1_macro_on_full,maximize
BEB ENERG MONSTER LT 473ML MANGO LOCO,energetico,0.2469380177029856,f1_macro_on_full,maximize
ARROZ SCOTTI 1KG RISOTO,arroz,0.2469380177029856,f1_macro_on_full,maximize
BATATA PLT MAIS BATA  2KG,batata congelada,0.2469380177029856,f1_macro_on_full,maximize
CAFEZINHO UND PND,padaria e confeitaria fresca,0.2469380177029856,f1_macro_on_full,maximize
ALECRIM DESID KITANO NAC 6G,alecrim,0.2469380177029856,f1_macro_on_full,maximize
BISC PAPAGUARA MINI CRACKER 200g,biscoito,0.2469380177029856,f1_macro_on_full,maximize
RUFFLES CEBOLA E SALSA 84G,aperitivo,0.2469380177029856,f1_macro_on_full,maximize
PANELA AVUL TURIM AA TRAMONTINA GRAF,panela,0.2469380177029856,f1_macro_on_full,maximize
REFR GUARANITA GUARANA CIBAL 290ML,refrigerante,0.2469380177029856,f1_macro_on_full,maximize
NECTAR MIST ABAX/MACA BRFRUIT 200ML,suco pronto,0.2469380177029856,f1_macro_on_full,maximize
CERV CATARINA LAGER GF 500ML PURO MALTE,cerveja,0.2469380177029856,f1_macro_on_full,maximize
MOLHO TOM POMAROLA SC 320G,molho de tomate,0.2469380177029856,f1_macro_on_full,maximize
ADOCANTE LIQ ZERO CAL 200ML,adocante,0.2469380177029856,f1_macro_on_full,maximize
BISNAGUINHA INTEGRAL MARROM 300G,padaria e confeitaria industrializado,0.2469380177029856,f1_macro_on_full,maximize
CR DENT COLGATE TRIPLA ACAO 90G HORTELA,creme dental,0.2469380177029856,f1_macro_on_full,maximize
HOT HIT X FRANGO 145G,sanduiche congelado,0.2469380177029856,f1_macro_on_full,maximize
"CALDO SAZON BACON 37,5G",caldo industrializado,0.2469380177029856,f1_macro_on_full,maximize
LIMPA VIDRO VITREO              FC 500ML,limpa vidros,0.2469380177029856,f1_macro_on_full,maximize
BOLO MARMORE SEVEN BOYS 250G,padaria e confeitaria industrializado,0.2469380177029856,f1_macro_on_full,maximize
CYSTEX DRAGEAS EMS,outro farma,0.2469380177029856,f1_macro_on_full,maximize
CEREAL CORN FLAKES NESTLE 190G,cereal matinal,0.2469380177029856,f1_macro_on_full,maximize
G PARACETAMOL 750MG C/20 COMP TEUTO,outro farma,0.2469380177029856,f1_macro_on_full,maximize
LEITE UHT SEMI BETANIA 1L TP ROSCA,leite,0.2469380177029856,f1_macro_on_full,maximize
CONHAQUE DREHER 900ML,conhaque,0.2469380177029856,f1_macro_on_full,maximize
SALG TORCIDA.CEBOLA 100G,aperitivo,0.2469380177029856,f1_macro_on_full,maximize
DET LIQ LIMPOL NEUTRO 500ML,detergente,0.2469380177029856,f1_macro_on_full,maximize
MORANGO ESPECIAL 250 VERMEL 250G,morango,0.2469380177029856,f1_macro_on_full,maximize
BEB LACT YOPRO 25HIGH 250ML CHOCOLATE,bebida lactea,0.2469380177029856,f1_macro_on_full,maximize
COND ELSEVE REP TOT 5 EXT PROF 400ML,condicionador,0.2469380177029856,f1_macro_on_full,maximize
AMENDOIM SEM PELE SALGADO AGTAL 400G,amendoim,0.2469380177029856,f1_macro_on_full,maximize
OVO ARCOR BON 150G MORANGO,ovo de pascoa,0.2469380177029856,f1_macro_on_full,maximize
RISQUE ESM CREMS NUD NUDE 1UN,esmalte,0.2469380177029856,f1_macro_on_full,maximize
"SALAMITO SADIA SNACK 36g, SWEET CHILLI",salame,0.2469380177029856,f1_macro_on_full,maximize
FILME BOMPACK CHURRASCO 45X5M,saco para assar,0.2469380177029856,f1_macro_on_full,maximize
PTAO REI BEN AMA 150G,pimentao,0.2469380177029856,f1_macro_on_full,maximize
ATUM G.COSTA 170G PED AO NAT,proteina em conserva,0.2469380177029856,f1_macro_on_full,maximize
ENERG RED BULL LT 250ML  MELANCIA,energetico,0.2469380177029856,f1_macro_on_full,maximize
OLEO MARIA 500ML PET ERVAS FINAS,oleo vegetal,0.2469380177029856,f1_macro_on_full,maximize
TABLETE ROCKLETS ARCOR BCO 80G,chocolate,0.2469380177029856,f1_macro_on_full,maximize
LIMP PERF COALA CITRIODORA 120ML,multiuso,0.2469380177029856,f1_macro_on_full,maximize
REMOVEDOR CARREFOUR LAVA 500ML,outro produto de limpeza domestica,0.2469380177029856,f1_macro_on_full,maximize
BL ZL CHOC NESCAU  200ML,bebida lactea,0.2469380177029856,f1_macro_on_full,maximize
FL PANGA CG 800G  800G,peixe,0.2469380177029856,f1_macro_on_full,maximize
JILO HORTMIX 200G,jilo,0.2469380177029856,f1_macro_on_full,maximize
"ABS INTIMUS FEM IGEL NOT 8UN, SECA C/AB",absorvente,0.2469380177029856,f1_macro_on_full,maximize
COXINHA FGO GDE kg,padaria e confeitaria fresca,0.2469380177029856,f1_macro_on_full,maximize
FITA DENTAL JOHNSONS REACH 3X50M,fio dental,0.2469380177029856,f1_macro_on_full,maximize
AGUA MIN C GAS GOYA 500ML,agua,0.2469380177029856,f1_macro_on_full,maximize
GELAT PO ZERO ROYAL 12G-EV FRAMB,gelatina,0.2469380177029856,f1_macro_on_full,maximize
DET PO SURF LAV 800G,lava roupas,0.2469380177029856,f1_macro_on_full,maximize
ALFACE AMERICANA 250 SP 250G,alface,0.2469380177029856,f1_macro_on_full,maximize
BEB VEG NATURES HEART ARROZ 1L,outra bebida vegetal,0.2469380177029856,f1_macro_on_full,maximize
BISC WAFER TODDY 94G  CHOCOLATE,biscoito,0.2469380177029856,f1_macro_on_full,maximize
ALIM GATOS FARO ADULTO CARNE 85g,alimento pet,0.2469380177029856,f1_macro_on_full,maximize
SAGU CAMPO BELO 500G,sagu,0.2469380177029856,f1_macro_on_full,maximize
FLANELA MARTINS OURO 28X38 RF1126 19g,pano para limpeza,0.2469380177029856,f1_macro_on_full,maximize
AMP TRAT PANTENE 3X15ML,tratamento capilar,0.2469380177029856,f1_macro_on_full,maximize
SALPICAO 180G ROTISSERIA,prato pronto,0.2469380177029856,f1_macro_on_full,maximize
MANT PRESIDENT MOTTE SAL PT 250G,manteiga,0.2469380177029856,f1_macro_on_full,maximize
GEL FIXADOR NYLOOKS COND MEGA FAT4 240g,modelador para cabelo,0.2469380177029856,f1_macro_on_full,maximize
ESCOVA DENT ORAL B COMP.L.PROF. CT   2UN,escova de dentes,0.2469380177029856,f1_macro_on_full,maximize
BARRA CEREAL TRIO BRIGAD C/3 60g,barra alimentar,0.2469380177029856,f1_macro_on_full,maximize
G NIMESULIDA 100MG C 12 COMP VITAMEDIC,outro farma,0.2469380177029856,f1_macro_on_full,maximize
ARROZ D BENDO POLIDO T3 5KG,arroz,0.2469380177029856,f1_macro_on_full,maximize
BANHA BALDE STA CLAR  1500,outro resfriado,0.2469380177029856,f1_macro_on_full,maximize
CAMARAO COZIDO S C 200G,fruto do mar,0.2469380177029856,f1_macro_on_full,maximize
LP COZ MR MUS RF 400ML,desengordurante,0.2469380177029856,f1_macro_on_full,maximize
REFRIG COCA COLA PET 2500ML,refrigerante,0.2469380177029856,f1_macro_on_full,maximize
AMIDO MILHO MAIZENA 200G,amido de milho,0.2469380177029856,f1_macro_on_full,maximize
QUEIJO PRATO LIGHT TIROLEZ FATIADO 150G,queijo,0.2469380177029856,f1_macro_on_full,maximize
BEBIDA LACTEA VIDATI COCO 900ML,bebida lactea,0.2469380177029856,f1_macro_on_full,maximize
CAFE VACUO MELITTA TRAD 500g,cafe,0.2469380177029856,f1_macro_on_full,maximize
FARINHA LAC NESTLE 600g,formula lactea,0.2469380177029856,f1_macro_on_full,maximize
ST.A.BACT.REXONA 84G. SPORT,sabonete,0.2469380177029856,f1_macro_on_full,maximize
PAO FRUTAS GRAOS CASTANHAS 350G NUT,padaria e confeitaria industrializado,0.2469380177029856,f1_macro_on_full,maximize
TQ MACA ORG TAEQ 400G,maca,0.2469380177029856,f1_macro_on_full,maximize
SHAMPOO SEDA FR 325ML LISO PERFEITO,shampoo,0.2469380177029856,f1_macro_on_full,maximize
PO SORVETE CREME 150G,preparo para sorvete,0.2469380177029856,f1_macro_on_full,maximize
LEITE UHT PIRACANJUBA 1L  DESNATADO,leite,0.2469380177029856,f1_macro_on_full,maximize
REFRIG SUKITA LIMAO PET 2L,refrigerante,0.2469380177029856,f1_macro_on_full,maximize
CALDO KNORR 06CB-CX 57G LEGUMES,caldo industrializado,0.2469380177029856,f1_macro_on_full,maximize
CHOPP WALFANGER GERMAN IPA 1L,cerveja,0.2469380177029856,f1_macro_on_full,maximize
OVOS OMEGA 3 LABEL ROUGE C 10,ovo,0.2469380177029856,f1_macro_on_full,maximize
MAC CHEESE SEARA 300G BACON,macarrao,0.2469380177029856,f1_macro_on_full,maximize
REF PET 2L SPRITE,refrigerante,0.2469380177029856,f1_macro_on_full,maximize
MOLHO PIMENTA PIRATA 150ML-PET,molho de pimenta,0.2469380177029856,f1_macro_on_full,maximize
"SABONETE FLOR DE YPE VEG 85g, CAC/BAUN",sabonete,0.2469380177029856,f1_macro_on_full,maximize
"VENT CADENCE, 127V EROS VTR470",ventilador,0.2469380177029856,f1_macro_on_full,maximize
AGUA TONICA FYS ZERO            LT 350ML,agua tonica,0.2469380177029856,f1_macro_on_full,maximize
PEPINO COMUM KG,pepino,0.2469380177029856,f1_macro_on_full,maximize
ALIM CAES FOSTER PREM RACA PEQ 1kg,alimento pet,0.2469380177029856,f1_macro_on_full,maximize
FGO EMPANADO PERDIGAO 300G TIRINHA,empanado congelado,0.2469380177029856,f1_macro_on_full,maximize
BISC RECH MEIO BRAN PRET TRAKINAS 126G,biscoito,0.2469380177029856,f1_macro_on_full,maximize
SALSICHA HOT DOG PERDIGAO AG KG,salsicha,0.2469380177029856,f1_macro_on_full,maximize
CONFEITOS STICK MENTOS OI NATAL 38G,chocolate,0.2469380177029856,f1_macro_on_full,maximize
KETCHUP AME HEINZ SQUEEZE 567G,ketchup,0.2469380177029856,f1_macro_on_full,maximize
ESP SCOTCH BRITE EXTREMA L4P3,esponja,0.2469380177029856,f1_macro_on_full,maximize
MELAO MELUNA CRFO KG,melao,0.2469380177029856,f1_macro_on_full,maximize
CERVEJA B.PRINCESS 355ML GOLD,cerveja,0.2469380177029856,f1_macro_on_full,maximize
DET GEL YPE NEUTRO 416G,lava louca,0.2469380177029856,f1_macro_on_full,maximize
SAB DOVE ANTIBAC CUIDAePROTEGE ESP.90G,sabonete,0.2469380177029856,f1_macro_on_full,maximize
MOSTARDA HELLMANNS 170G SQZ C/MEL,mostarda,0.2469380177029856,f1_macro_on_full,maximize
CHOC LACTA LAKA                   BR 34G,chocolate,0.2469380177029856,f1_macro_on_full,maximize
SABONETE PROTEX MACADAMIA 85g L6/P5,sabonete,0.2469380177029856,f1_macro_on_full,maximize
ALMONDEGA BOVINA MONTANA 500G,almondega congelada,0.2469380177029856,f1_macro_on_full,maximize
MARGARINA BECEL 500GR C/SAL,margarina,0.2469380177029856,f1_macro_on_full,maximize
PANO DE COPA PRATA FLORES,pano de prato,0.2469380177029856,f1_macro_on_full,maximize
CB COSTELA FAT CO KG,carne bovina,0.2469380177029856,f1_macro_on_full,maximize
MASSA CASEIRA 06 C/O 500G,macarrao,0.2469380177029856,f1_macro_on_full,maximize
AMACIANTE ROUPA GIRANDO SOL 5L ROSA,amaciante,0.2469380177029856,f1_macro_on_full,maximize
CRM TRAT ELSEVE OLEO EXTRAORDINARIO 300G,creme de tratamento,0.2469380177029856,f1_macro_on_full,maximize
DEO AER REXONA 145G MASC L P- ANTIBAC INVISIB,desodorante,0.2469380177029856,f1_macro_on_full,maximize
ENGOV AFTER CITRUS 250ML HYPERMARCAS,suplemento alimentar,0.2469380177029856,f1_macro_on_full,maximize
LEITE COCO SOCOCO 200ML VD CAL RED,leite de coco,0.2469380177029856,f1_macro_on_full,maximize
RACAO NAT WHISKAS ADULTO FRANGO 900G,alimento pet,0.2469380177029856,f1_macro_on_full,maximize
CONFEITO MeMS PC 35G CRISPY,chocolate,0.2469380177029856,f1_macro_on_full,maximize
SALSICHA PERDIGAO VIENA PC 500G,salsicha,0.2469380177029856,f1_macro_on_full,maximize
KIT 6X750ML BRUT GRATIS 1500ML CHA,espumante,0.2469380177029856,f1_macro_on_full,maximize
LEITE FERM ELEGE BOB ESP 480GR C/6 MORANGO,leite fermentado,0.2469380177029856,f1_macro_on_full,maximize
FAROFA PRONTA YOKI              PCT 250G,farofa pronta,0.2469380177029856,f1_macro_on_full,maximize
SALAME SEARA TP ITALIANO PC PEQ KG,salame,0.2469380177029856,f1_macro_on_full,maximize
SALG TORCIDA 100G PIMEN MEXIC,aperitivo,0.2469380177029856,f1_macro_on_full,maximize
PANETONE SANTA DULCE 400G,panificacao natal,0.2469380177029856,f1_macro_on_full,maximize
CAFE STARBUCKS HOUSE BLEND MED  PCT 250G,cafe,0.2469380177029856,f1_macro_on_full,maximize
CERA LIQ TACOLAC SUPER 500ml,produto de limpeza de piso,0.2469380177029856,f1_macro_on_full,maximize
BISC MONTEVERGINE TUB.WAF.ROL.AVELA 48G,biscoito,0.2469380177029856,f1_macro_on_full,maximize
ALGODAO CREMER BOLA 50G,algodao,0.2469380177029856,f1_macro_on_full,maximize
ENERGET ENERGY DRINK 220V 2L,energetico,0.2469380177029856,f1_macro_on_full,maximize
BALA HARIBO GELAT URSINHO OURO 90g,bala,0.2469380177029856,f1_macro_on_full,maximize
EVITA MOFO AIR LAVAN LAVAND 100G,desinfetante,0.2469380177029856,f1_macro_on_full,maximize
CERV STELLA SEM GLUTEN LN 330ML,cerveja,0.2469380177029856,f1_macro_on_full,maximize
PIPOCA MO NATURAL 90G,pipoca para microondas,0.2469380177029856,f1_macro_on_full,maximize
CR DENTAL COLGATE SENSITIV 90G L3P2,creme dental,0.2469380177029856,f1_macro_on_full,maximize
BLUSA MC MSCL 207769C TEX FMOI20,blusa,0.2469380177029856,f1_macro_on_full,maximize
"INSET SBP 300ML AERO GTS 150ML, INSETIC",inseticida,0.2469380177029856,f1_macro_on_full,maximize
CERVEJA SKOL 410ML C/15,cerveja,0.2469380177029856,f1_macro_on_full,maximize
MANGA ROSA KG,manga,0.2469380177029856,f1_macro_on_full,maximize
CAMISETA MC WARNER OFF P2 MMOI22 PL,camiseta,0.2469380177029856,f1_macro_on_full,maximize
CARNE BOV PALETA S/MUSCULO KG,carne bovina,0.2469380177029856,f1_macro_on_full,maximize
COXA FGO SADIA CONG.ZIP IQF.1KG,carne de ave,0.2469380177029856,f1_macro_on_full,maximize
AGUA SANITARIA GIRANDO SOL 1L,agua sanitaria,0.2469380177029856,f1_macro_on_full,maximize
FLOR BEGONIA PT11,plantas e sementes,0.2469380177029856,f1_macro_on_full,maximize
LASANHA SADIA 4QJ 600G,lasanha congelada,0.2469380177029856,f1_macro_on_full,maximize
COSTELA SALGADA kg,carne suina,0.2469380177029856,f1_macro_on_full,maximize
KIT M-USO CIF ANTIBAC 500ML DESC 3,multiuso,0.2469380177029856,f1_macro_on_full,maximize
CHA BARAO PRETO 13g,cha por infusao,0.2469380177029856,f1_macro_on_full,maximize
MELANCIA POLPA AMARELA KG,melancia,0.2469380177029856,f1_macro_on_full,maximize
POLP SHUPS GRAVI SHUPS 100G,polpa de fruta congelada,0.2469380177029856,f1_macro_on_full,maximize
D.A.NIVEA MEN 150ML C.2 DRY IMPAC. LV MAIS PG MEN.,desodorante,0.2469380177029856,f1_macro_on_full,maximize
LINGUICA DE FRANGO NATTO KG,linguica,0.2469380177029856,f1_macro_on_full,maximize
"LIMP YPE L PESADA 1L, ORIGIN, .",multiuso,0.2469380177029856,f1_macro_on_full,maximize
"INSET SBP 380ML, AERO EUCALIP, .",inseticida,0.2469380177029856,f1_macro_on_full,maximize
VINHO CASTILLO D FUEGO CAB.SAUV.GF 750ML,vinho importado,0.2469380177029856,f1_macro_on_full,maximize
ADOCANTE LINEA SUCRALOSE C/ 200 ENV,adocante,0.2469380177029856,f1_macro_on_full,maximize
PANO DE COPA PRATA DOHLER FOLHAS,pano de prato,0.2469380177029856,f1_macro_on_full,maximize
CAPPUCCINO MELITTA 200G TRADIC,cafe,0.2469380177029856,f1_macro_on_full,maximize
FIAMBRE KITUT BRANCO 320G,proteina em conserva,0.2469380177029856,f1_macro_on_full,maximize
INHAME KG,inhame,0.2469380177029856,f1_macro_on_full,maximize
LIMPA.MR MUSCULO COZINHA OFERTA SH 400ML,multiuso,0.2469380177029856,f1_macro_on_full,maximize
FEIJAO CARIOQUINHA GRANFINO 500G,feijao,0.2469380177029856,f1_macro_on_full,maximize
BISC.BOCCONE ROSC.CALDA        PE 300GR,biscoito,0.2469380177029856,f1_macro_on_full,maximize
REFRESCO CLIGHT 8G TANGERINA,preparo para suco,0.2469380177029856,f1_macro_on_full,maximize
LING CALAB/BOV DEF TONY KG,linguica,0.2469380177029856,f1_macro_on_full,maximize
MEIO DA ASA TEMP RESF KG,carne de ave,0.2469380177029856,f1_macro_on_full,maximize
"CAPSULA LOR C/10UN, RISTRETO, .",cafe,0.2469380177029856,f1_macro_on_full,maximize
"ATUM COQUEIRO PEDACOS 170G, NATURAL, .",proteina em conserva,0.2469380177029856,f1_macro_on_full,maximize
ATUM RALADO GOMES DA COSTA DEFUMADO,proteina em conserva,0.2469380177029856,f1_macro_on_full,maximize
MASSA RICOSA SEMOLA PARAFUSO 500G,macarrao,0.2469380177029856,f1_macro_on_full,maximize
IOG GREGO NESTLE 90G TORTA LIMAO,iogurte,0.2469380177029856,f1_macro_on_full,maximize
AGUARDENTE PITU LATA 473ML,cachaca,0.2469380177029856,f1_macro_on_full,maximize
PLT BENA BEGONIA P15,plantas e sementes,0.2469380177029856,f1_macro_on_full,maximize
CHOC HERSHEYS TUBES 25G COOKIES NCREME,chocolate,0.2469380177029856,f1_macro_on_full,maximize
AZEITONA VDE S CAR CARREFOUR POUCH 120G,azeitona,0.2469380177029856,f1_macro_on_full,maximize
DORITOS NACHO 300G,aperitivo,0.2469380177029856,f1_macro_on_full,maximize
MINI COOKIES GOTAS DE CHOCOLATE 90G,biscoito,0.2469380177029856,f1_macro_on_full,maximize
AREIA HIGIENICA FLORAL 12KG PIPICAT,granular higienico,0.2469380177029856,f1_macro_on_full,maximize
"BISC VITARELLA 350G, MARIA LEITE",biscoito,0.2469380177029856,f1_macro_on_full,maximize
BEBEZINHO BAUNILHA C/2 PANCO 56G,padaria e confeitaria industrializado,0.2469380177029856,f1_macro_on_full,maximize
FARINHA LAC PIRACANJUBA SACH 180G,cereal infantil ou farinha lactea,0.2469380177029856,f1_macro_on_full,maximize
PHIG PAPOULA F/S 60MT LV12PG11,papel higienico,0.2469380177029856,f1_macro_on_full,maximize
TOALHA UMED MILI C/100 LOVEeCARE,lenco umedecido,0.2469380177029856,f1_macro_on_full,maximize
SUCO BONBON UVA 12X235ML,suco pronto,0.2469380177029856,f1_macro_on_full,maximize
ESCOVA NOVICA CANTOS,escova de limpeza,0.2469380177029856,f1_macro_on_full,maximize
SALG EQLIBRI PANETINI 40GR. PRESUNTO DEF,aperitivo,0.2469380177029856,f1_macro_on_full,maximize
VEJA LIMP MULTI EUC E CAPIM-L REFIL 12ML,multiuso,0.2469380177029856,f1_macro_on_full,maximize
BOLINHO DE CHUVA APTI 300G,preparo de alimento,0.2469380177029856,f1_macro_on_full,maximize
PROT SOLAR ISDIN WATER 5 STARS FP60 50ML,protetor solar,0.2469380177029856,f1_macro_on_full,maximize
CIG SHELTON ORIG BOX,cigarro,0.2469380177029856,f1_macro_on_full,maximize
BATATA COOP TRAD CONG 1.05KG,batata congelada,0.2469380177029856,f1_macro_on_full,maximize
SUPER BONDER ORIG 3G 3G,cola,0.2469380177029856,f1_macro_on_full,maximize
OVO PASCOA TOC LAC CHOC BRANCO 120g,ovo de pascoa,0.2469380177029856,f1_macro_on_full,maximize
DET GOTA LIMPA MACA 500ML,detergente,0.2469380177029856,f1_macro_on_full,maximize
MINI BROWNIE JACQUET PEDACOS CHOCO   30G,padaria e confeitaria industrializado,0.2469380177029856,f1_macro_on_full,maximize
BOLO FUBA KG,padaria e confeitaria fresca,0.2469380177029856,f1_macro_on_full,maximize
OLEO GIRASSOL LIZA PET 900ML,oleo vegetal,0.2469380177029856,f1_macro_on_full,maximize
DOCE LEITE MOCA COLHER 370G-LT C/COCO,outro doce,0.2469380177029856,f1_macro_on_full,maximize
BETERRABA I.PIMENTA 550G BDJ,beterraba,0.2469380177029856,f1_macro_on_full,maximize
CHA MATTE LEAO LIMAO PET 300ML,cha pronto,0.2469380177029856,f1_macro_on_full,maximize
ESPONJA SCOTCH BRITE N RISCA AZ L3P2 UN,esponja,0.2469380177029856,f1_macro_on_full,maximize
TACA AVULSA CHAMPANHE LAV 190ML HO189273,taca,0.2469380177029856,f1_macro_on_full,maximize
GALETO CONG SWIFT,carne de ave,0.2469380177029856,f1_macro_on_full,maximize
YAKISOBA SEARA                   CX 500G,macarrao,0.2469380177029856,f1_macro_on_full,maximize
LINGUICA FRANGO SEARA KG,linguica,0.2469380177029856,f1_macro_on_full,maximize
PERA PORTUGUESA 1KG,pera,0.2469380177029856,f1_macro_on_full,maximize
ALFACE HIDROPONICA LISA UN,alface,0.2469380177029856,f1_macro_on_full,maximize
COOKIES NESTLE 60G PASSATEMPO,biscoito,0.2469380177029856,f1_macro_on_full,maximize
ISOT GATORADE TANGE PET 500ML,isotonico,0.2469380177029856,f1_macro_on_full,maximize
INS SBP MUL MULTI 450ML,inseticida,0.2469380177029856,f1_macro_on_full,maximize
REFRI FANTA MISTERIO LT 350ML,refrigerante,0.2469380177029856,f1_macro_on_full,maximize
MARIA MOLE COCO 50G,preparo para maria mole,0.2469380177029856,f1_macro_on_full,maximize
CATCHUP HELLMANN S PICANTE 380G,ketchup,0.2469380177029856,f1_macro_on_full,maximize
BACON FATIADO DEF SADIA 250G,carne suina,0.2469380177029856,f1_macro_on_full,maximize
PANETTONE BAUDUCCO BITES 107G,panificacao natal,0.2469380177029856,f1_macro_on_full,maximize
CANJICA BRANCA VL. CERRONI 700GR,canjica,0.2469380177029856,f1_macro_on_full,maximize
KETCHUP HEMMER SQUEEZE 750G TRAD,ketchup,0.2469380177029856,f1_macro_on_full,maximize
BEB FRUTA LARANJA KAPO 200ml,energetico,0.2469380177029856,f1_macro_on_full,maximize
BATATA KG ROSA LAVADA,batata,0.2469380177029856,f1_macro_on_full,maximize
CR DENTAL COLGATE TRIP ACAO 90G ORIGINAL,creme dental,0.2469380177029856,f1_macro_on_full,maximize
OLEO AMENDOA PAIXAO INSPIRADORA 200ML,oleo corporal,0.2469380177029856,f1_macro_on_full,maximize
SWEET MILHO 450G UNIDADE,milho,0.2469380177029856,f1_macro_on_full,maximize
PALITEIRO GINA C/100,palito de dentes,0.2469380177029856,f1_macro_on_full,maximize
STEAK AURORA 100G,empanado congelado,0.2469380177029856,f1_macro_on_full,maximize
LA ACO BOMBRIL 8UN,palha de aco,0.2469380177029856,f1_macro_on_full,maximize
BATATA PALHA VISCONTI 140g,vegetal em palha,0.2469380177029856,f1_macro_on_full,maximize
LAV ROUP PO BRILHANTE DELIC TOT SACHET 800g,lava roupas,0.2469380177029856,f1_macro_on_full,maximize
FAROFA YOKI SOJA 200g,farofa pronta,0.2469380177029856,f1_macro_on_full,maximize
DOCE LEITE OLIVEIRA PT 360G,outro doce,0.2469380177029856,f1_macro_on_full,maximize
VIOLETA MINI P06,plantas e sementes,0.2469380177029856,f1_macro_on_full,maximize
OVO BRANCO GRAND C6 UND,ovo,0.2469380177029856,f1_macro_on_full,maximize
GIRASSOL MINI SUN BRIGHT PT11,plantas e sementes,0.2469380177029856,f1_macro_on_full,maximize
CONHAQUE PRESIDENTE 900ml,conhaque,0.2469380177029856,f1_macro_on_full,maximize
ALIM GATOS WHISKAS P.FAV JR/FGO 85G,alimento pet,0.2469380177029856,f1_macro_on_full,maximize
PANO REUTILIZAVEL WYPALL X 70 88 FL,pano para limpeza,0.2469380177029856,f1_macro_on_full,maximize
TABLETE NESTLE ALPINO GOLD 85G,chocolate,0.2469380177029856,f1_macro_on_full,maximize
"GUARDANAPO MILI 30X29,5CM C/50 FOLHA SIMPLES",guardanapo,0.2469380177029856,f1_macro_on_full,maximize
MOLHO TOM STELLA DORO 300G SC TRAD,molho de tomate,0.2469380177029856,f1_macro_on_full,maximize
"ALVEJANTE GEL VANISH 500ML M USO, WHITE",alvejante,0.2469380177029856,f1_macro_on_full,maximize
IOG POLPA GREGO NESTLE TRAD/MORANGO,iogurte,0.2469380177029856,f1_macro_on_full,maximize
CEREAL NESTLE SACHET 120G  NESCAU,cereal matinal,0.2469380177029856,f1_macro_on_full,maximize
ESPAG VITARELLA FIDELINHO 500G,macarrao,0.2469380177029856,f1_macro_on_full,maximize
CERVEJA SKOL PURO MALTE 300ML,cerveja,0.2469380177029856,f1_macro_on_full,maximize
COXA FRANGO PIF PAF IQF 1KG,carne de ave,0.2469380177029856,f1_macro_on_full,maximize
CALCA PLUSH TEX PTO B63KM02 FMOI22,calca,0.2469380177029856,f1_macro_on_full,maximize
FUBA MIM FARTURA 1Kg,fuba,0.2469380177029856,f1_macro_on_full,maximize
SABAO BAR YPE COCO TQ AVEIA PE 180G,sabonete,0.2469380177029856,f1_macro_on_full,maximize
EMB BOMPACK FREEZER 3KG C/100,saco para alimento,0.2469380177029856,f1_macro_on_full,maximize
CENTROTABS NEO QUIMICA VIT C        10CP,vitaminico,0.2469380177029856,f1_macro_on_full,maximize
MOLHO PREDILECTA SACHE MADEIRA 300G,outro molho,0.2469380177029856,f1_macro_on_full,maximize
"DESOD ABOVE AER 150ml, MEN VULCAN",desodorante,0.2469380177029856,f1_macro_on_full,maximize
CR BARB NIVEA MEN SENSITIVE 65G,espuma ou gel de barbear,0.2469380177029856,f1_macro_on_full,maximize
PACOQUINHA DACOLONIA ACUCAR MASCAVO 210g,pacoca,0.2469380177029856,f1_macro_on_full,maximize
FERMENTO PO ROYAL 250GR,fermento,0.2469380177029856,f1_macro_on_full,maximize
GEL DENT TANDY MORANGOSTOSO 90G,creme dental infantil,0.2469380177029856,f1_macro_on_full,maximize
ARROZ BASMATI ITAL SCOTTI 500G-CX,arroz,0.2469380177029856,f1_macro_on_full,maximize
REFR PO TANG 18GR GUARANA,preparo para suco,0.2469380177029856,f1_macro_on_full,maximize
TEMP MAIS SABOR LEG  60G,tempero pronto,0.2469380177029856,f1_macro_on_full,maximize
MASSA SEMOLA GALO CORTES 500G FURADINHO,macarrao,0.2469380177029856,f1_macro_on_full,maximize
GRANITO BOV. PAMPLONA TEMP.     AV    KG,carne bovina,0.2469380177029856,f1_macro_on_full,maximize
ATUM GOMES COSTA SOLIDO DEF 170G,proteina em conserva,0.2469380177029856,f1_macro_on_full,maximize
MORTAD AURORA TUB KG C/GORDURA,mortadela,0.2469380177029856,f1_macro_on_full,maximize
PAPEL MANTEIGA MM 30CM X15M,papel manteiga,0.2469380177029856,f1_macro_on_full,maximize
PIC KIB FRUT M MORAN 75ML,sorvete,0.2469380177029856,f1_macro_on_full,maximize
"BOLO RECH ANA MARIA, 35G CEN/CHOC",padaria e confeitaria industrializado,0.2469380177029856,f1_macro_on_full,maximize
MORTADELA BOLOG C/PISTACHE FAT 150G,mortadela,0.2469380177029856,f1_macro_on_full,maximize
CJ FONDUE VIENA CARROUSSEL PTO 16PC,outro utensilio de cozinha,0.2469380177029856,f1_macro_on_full,maximize
NECTAR MAGUARY PESSEGO 1L,suco pronto,0.2469380177029856,f1_macro_on_full,maximize
QUEIJO COALHO DONA FORMOSA KG,queijo,0.2469380177029856,f1_macro_on_full,maximize
SH MONANGE 325ML DETOX CAPILAR,shampoo,0.2469380177029856,f1_macro_on_full,maximize
CATUABA FLOR DA SELVA 1L-PET TRAD,bebida mista,0.2469380177029856,f1_macro_on_full,maximize
IOG VIGOR GREGO PT 100G MGO/BAUNILHA,iogurte,0.2469380177029856,f1_macro_on_full,maximize
SH SEDA OLEO HIDRATACAO 325ML,shampoo,0.2469380177029856,f1_macro_on_full,maximize
PAO DELICIAS TRIGO INT CAS/NOZ 450G,padaria e confeitaria industrializado,0.2469380177029856,f1_macro_on_full,maximize
LEITE FERM ACTIVA ZERO MORANGO 800g,leite fermentado,0.2469380177029856,f1_macro_on_full,maximize
QUEIJO SANDWICH-IN 144GR LIGHT CHEDDAR,queijo,0.2469380177029856,f1_macro_on_full,maximize
REQ QUALY TRAD 200G,requeijao,0.2469380177029856,f1_macro_on_full,maximize
ISCAS FGO EMPANAD 300G,empanado congelado,0.2469380177029856,f1_macro_on_full,maximize
"REQUEIJAO CATUPIRY 180g, AZEITONA",requeijao,0.2469380177029856,f1_macro_on_full,maximize
QUIABO PREZUNIC 250g,quiabo,0.2469380177029856,f1_macro_on_full,maximize
PINHAO 500G  500G,pinhao,0.2469380177029856,f1_macro_on_full,maximize
ESPUMANTE SALTON 750ML BRUT,espumante,0.2469380177029856,f1_macro_on_full,maximize
BISC AGUA SAL BAUDUCCO 200g,biscoito,0.2469380177029856,f1_macro_on_full,maximize
SUCO MAGUARY ABACAXI            FC 500ML,suco pronto,0.2469380177029856,f1_macro_on_full,maximize
TORTA SADIA FRANGO C/ CATUPIRY      500G,outro congelado,0.2469380177029856,f1_macro_on_full,maximize
DESENG VEJA LIMAO SQZ FC 500ML,desengordurante,0.2469380177029856,f1_macro_on_full,maximize
CAFE SOLUV KIMIMO SACHE 50g,cafe,0.2469380177029856,f1_macro_on_full,maximize
ALIM CAES DOG CHOW AD R.PEQ 1kg,alimento pet,0.2469380177029856,f1_macro_on_full,maximize
FANTA UVA 200ML,refrigerante,0.2469380177029856,f1_macro_on_full,maximize
COPO DESC MINAPLAST AGUA TRAN 150M C/100,copo descartavel,0.2469380177029856,f1_macro_on_full,maximize
NUTREN CONTROL BAUNILHA 200ML,suplemento alimentar,0.2469380177029856,f1_macro_on_full,maximize
"BALA BUTTER TOFFEES 100G, LEITE",bala,0.2469380177029856,f1_macro_on_full,maximize
LEITE NINHO INTEGRAL ZERO VITAMIN 1L,leite em po,0.2469380177029856,f1_macro_on_full,maximize
PIZZA SEARA FRANGO C/CATUPIRY 460g,pizza congelada,0.2469380177029856,f1_macro_on_full,maximize
REFRESCO PO CAMP ABACAXI 15G,preparo para suco,0.2469380177029856,f1_macro_on_full,maximize
CARAMBOLA KG,outra fruta,0.2469380177029856,f1_macro_on_full,maximize
MAIONESE VEG ORIGINAL PROMO 2X350G,maionese,0.2469380177029856,f1_macro_on_full,maximize
CONTRA FILE BOV VACUO PESO,carne bovina,0.2469380177029856,f1_macro_on_full,maximize
SABAO ZAVASKI               187 PE 400GR,sabao em pedra,0.2469380177029856,f1_macro_on_full,maximize
CENOURETE ORG MALUNGA 200g,vegetal higienizado e processado,0.2469380177029856,f1_macro_on_full,maximize
ACUCAR DEMERARA AGROVALE 1Kg,acucar,0.2469380177029856,f1_macro_on_full,maximize
CEBOLINHA LA VITA 60G PCT PIC,cebolinha,0.2469380177029856,f1_macro_on_full,maximize
GATORADE FRUTAS CITRICAS PET 500ML,isotonico,0.2469380177029856,f1_macro_on_full,maximize
OREGANO KITANO 3G,oregano,0.2469380177029856,f1_macro_on_full,maximize
BATATA PRINGLES 158G PIZZA,aperitivo,0.2469380177029856,f1_macro_on_full,maximize
CEREAL MAT NESFIT S/AD ACUCAR CACAU 220g,cereal matinal,0.2469380177029856,f1_macro_on_full,maximize
"DESINF BARRA 2L, PINHO",desinfetante,0.2469380177029856,f1_macro_on_full,maximize
CREME SEDA BOOM MODELA ANTIF P/PENT 350,creme para pentear,0.2469380177029856,f1_macro_on_full,maximize
ENX BUCAL LISTERINE C MINT 250ML,enxaguante bucal,0.2469380177029856,f1_macro_on_full,maximize
SUCO MAGUARY MARACUJA 500ML,suco pronto,0.2469380177029856,f1_macro_on_full,maximize
BEB ALC BEATS LT 269ML SENSES,bebida mista,0.2469380177029856,f1_macro_on_full,maximize
BISC BAUDUCCO WAFER PC 140G TRIPLO CHOC,biscoito,0.2469380177029856,f1_macro_on_full,maximize
PUDIM ROYAL BAUNILHA 50g,preparo para pudim,0.2469380177029856,f1_macro_on_full,maximize
KIT ALINE ZERO CASPA CLASS SH COND 350ML,kit para cabelos,0.2469380177029856,f1_macro_on_full,maximize
CREME DENT COLGATE SMILES MINIONS 100G,creme dental infantil,0.2469380177029856,f1_macro_on_full,maximize
NHOQUE BATATA ROMANHA 1KG,macarrao,0.2469380177029856,f1_macro_on_full,maximize
MIST BOLO CREMOSO COCO FLEISCHMANN 390G,preparo para bolo,0.2469380177029856,f1_macro_on_full,maximize
BEB LACTEA FAZENDINHA MORANGO 150G,bebida lactea,0.2469380177029856,f1_macro_on_full,maximize
"AMACIANTE MON BIJOU 2L, MAGIA",amaciante,0.2469380177029856,f1_macro_on_full,maximize
CERV SKOL 15X410ML,cerveja,0.2469380177029856,f1_macro_on_full,maximize
MOLHO BARBECUE CEPERA 400G ORIGINAL,molho barbecue,0.2469380177029856,f1_macro_on_full,maximize
VELA ANIV LOPES ESTRELAR C 3,vela,0.2469380177029856,f1_macro_on_full,maximize
AVEIA HAPPY LIFE 500G FLOCOS GROSSOS,aveia e seus derivados,0.2469380177029856,f1_macro_on_full,maximize
CERV STELLA ARTOIS BRANCO 269ML,cerveja,0.2469380177029856,f1_macro_on_full,maximize
CAFE ROSSETO 500G ALMOF,cafe,0.2469380177029856,f1_macro_on_full,maximize
FILTRO PAPEL BRASILEIRO C/30 103,coador,0.2469380177029856,f1_macro_on_full,maximize
APRESUNTADO PAMPLONA 500G FATIADO,apresuntado,0.2469380177029856,f1_macro_on_full,maximize
CERVEJA SUPER NOSSO 600ML-SESSION IPA,cerveja,0.2469380177029856,f1_macro_on_full,maximize
MOLHO TOMATE BONARE MANJERICAO  SH 340GR,molho de tomate,0.2469380177029856,f1_macro_on_full,maximize
ACEM S/OSSO BOV RESF KG,carne bovina,0.2469380177029856,f1_macro_on_full,maximize
CENOURA NUM INSTANTE PALITO DESC EMB 250g,cenoura,0.2469380177029856,f1_macro_on_full,maximize
"SAB JOHNSONS 80G, LAVANDA",sabonete,0.2469380177029856,f1_macro_on_full,maximize
PASTILHA TIC TAC T1 LARANJA     AV  16GR,bala,0.2469380177029856,f1_macro_on_full,maximize
DROPS MENTOS STICK C/3 RAINB 112.5g,bala,0.2469380177029856,f1_macro_on_full,maximize
"CATCHUP ARISCO PET 390G, TRAD",ketchup,0.2469380177029856,f1_macro_on_full,maximize
TALCO ANTISSEPTICO BARLA 140 REGULAR,talco,0.2469380177029856,f1_macro_on_full,maximize
SABAO PEDRA YPE 200G ALOE VERA UN,sabao em pedra,0.2469380177029856,f1_macro_on_full,maximize
VIN ESP FAUSTINO CRI 750ML TTO,vinho importado,0.2469380177029856,f1_macro_on_full,maximize
POLPA FRUTAS VERMELH 100G,polpa de fruta congelada,0.2469380177029856,f1_macro_on_full,maximize
BEIJU CANOA  200,tapioca,0.2469380177029856,f1_macro_on_full,maximize
BISC ZAGONEL AMANT NATA/UVA 270g,biscoito,0.2469380177029856,f1_macro_on_full,maximize
PRINGLES ORIGINAL 41G,aperitivo,0.2469380177029856,f1_macro_on_full,maximize
GRAO BICO BASCHIROTTO 400G GRAUDO,grao de bico,0.2469380177029856,f1_macro_on_full,maximize
PACK MACH3 SENSITIV SENSIT 1UN,aparelho de barbear e depilatorio,0.2469380177029856,f1_macro_on_full,maximize
PAPINHA NESTLE CAR LEG OVO 115g,alimento pronto de bebe,0.2469380177029856,f1_macro_on_full,maximize
MOLHO TOM BASILICO SALSARETTI VD 500g,molho de tomate,0.2469380177029856,f1_macro_on_full,maximize
PREND DE ROUPA BABY AZUL C/12,prendedor de roupa,0.2469380177029856,f1_macro_on_full,maximize
MUCILON AVEIA ARROZ 400g,cereal infantil ou farinha lactea,0.2469380177029856,f1_macro_on_full,maximize
SABONETE PALMOLIVE 150G CARVAO NATU HIDRA INTENSIV,sabonete,0.2469380177029856,f1_macro_on_full,maximize
PIMENTAO SWEET PALERMO COLORIDO 300G,pimentao,0.2469380177029856,f1_macro_on_full,maximize
ESPAGUETINHO ISABELA PR 500G,macarrao,0.2469380177029856,f1_macro_on_full,maximize
SALGADINHO OK PRESUNTO 50G,aperitivo,0.2469380177029856,f1_macro_on_full,maximize
IOG MORA ZERO LAC MOLICO BAN 8 UNID 720G,iogurte,0.2469380177029856,f1_macro_on_full,maximize
AMEND NAT CROC PETTIZ DORI 120G,amendoim,0.2469380177029856,f1_macro_on_full,maximize
EXTRATO TOM ELEFANTE ERVAS FINAS 130G,extrato de tomate,0.2469380177029856,f1_macro_on_full,maximize
DESODOR. HARPIC POWER 6 LA40 D.2CT   1UN,pedra sanitaria,0.2469380177029856,f1_macro_on_full,maximize
REG.GIRAFA YOGURTE 30X30GR DORI,bala,0.2469380177029856,f1_macro_on_full,maximize
IOG LIQ VICOSA AMEIXA 120G,iogurte,0.2469380177029856,f1_macro_on_full,maximize
FARIN MAND ZE D LIMA 1K 1KG,farinha de mandioca,0.2469380177029856,f1_macro_on_full,maximize
SHAMPOO ELSEVE FR 400ML REP TOT 5,shampoo,0.2469380177029856,f1_macro_on_full,maximize
PANIF FATIA HUNGARA KG,padaria e confeitaria fresca,0.2469380177029856,f1_macro_on_full,maximize
ABS S/LIVRE ADAPT ESPEC S/AB C/8,absorvente,0.2469380177029856,f1_macro_on_full,maximize
SUCO MACROVITA CANA LIMAO INTEGRAL 900ML,suco pronto,0.2469380177029856,f1_macro_on_full,maximize
ENERG MONSTER 473ML LT MANGO LOCO,energetico,0.2469380177029856,f1_macro_on_full,maximize
MELAO DINO CRFO KG,melao,0.2469380177029856,f1_macro_on_full,maximize
SAB REXONA ANTIB. ORCHID 84G,sabonete,0.2469380177029856,f1_macro_on_full,maximize
PILHA RAYOVAC ALCALINA PEQ L4P3,pilha,0.2469380177029856,f1_macro_on_full,maximize
BLANQ PERU SADIA LG FAT,outro embutido,0.2469380177029856,f1_macro_on_full,maximize
"MISTURA P/BOLO APTI 400g, COCO",preparo para bolo,0.2469380177029856,f1_macro_on_full,maximize
BISC YUPI WAFER PC 100G LIMAO,biscoito,0.2469380177029856,f1_macro_on_full,maximize
ALCOOL GEL ZEPP 500G,gel antisseptico para maos,0.2469380177029856,f1_macro_on_full,maximize
SOBREMESA DAN. DANETTE CHOCOLAT.CJ 180GR,iogurte,0.2469380177029856,f1_macro_on_full,maximize
LEITE MOLICO EDGE 1L  DESNATADO,leite,0.2469380177029856,f1_macro_on_full,maximize
LEITE FERM DANONE 170GR ACTIVIA AVEIA,leite fermentado,0.2469380177029856,f1_macro_on_full,maximize
PEPINO TAUA 300g,pepino,0.2469380177029856,f1_macro_on_full,maximize
PAO RECH COM REQ CATUPIRY SWIFT 300G,padaria e confeitaria industrializado,0.2469380177029856,f1_macro_on_full,maximize
PAST TIC TAC SM 16G MORANGO,bala,0.2469380177029856,f1_macro_on_full,maximize
SABON REXONA ANTIBACTERIAL ERVA DOCE 84G,sabonete,0.2469380177029856,f1_macro_on_full,maximize
SACO ALG ALVEJ PREMIUM 60X38 ALKLIN,pano para limpeza,0.2469380177029856,f1_macro_on_full,maximize
BISC POLVILHO SALG LIGTH VITORIA 60G,biscoito,0.2469380177029856,f1_macro_on_full,maximize
FOSFORO FIAT LUX CASA,fosforo,0.2469380177029856,f1_macro_on_full,maximize
QUADRADINHO DE ALGODAO TOPZ 150UN,queijo,0.2469380177029856,f1_macro_on_full,maximize
GEL FIXADOR CRYSAL PT INCOLOR 250G,modelador para cabelo,0.2469380177029856,f1_macro_on_full,maximize
SABON PROTEX OMEGA 3 85G,sabonete,0.2469380177029856,f1_macro_on_full,maximize
BATATA FRITA PRINGLES CEBOLA 109G,aperitivo,0.2469380177029856,f1_macro_on_full,maximize
CERV PATAGONIA AMBER LAGER LT 473ML,cerveja,0.2469380177029856,f1_macro_on_full,maximize
REFRI KUAT GUARANA LTA 350ML,refrigerante,0.2469380177029856,f1_macro_on_full,maximize
"CHOC HERSHEYS EXTRACREMOSO 95g, COOK/RUM",chocolate,0.2469380177029856,f1_macro_on_full,maximize
ALCOOL GEL INFA 60ML,gel antisseptico para maos,0.2469380177029856,f1_macro_on_full,maximize
FARINHA MAND BRETAS TORRADA 500g,farinha de mandioca,0.2469380177029856,f1_macro_on_full,maximize
LENCO PAPEL KLEENEX CX L60P50,lenco de papel,0.2469380177029856,f1_macro_on_full,maximize
FDA DESC HUGGIES TRIPLA PROT HP M 92UN,fralda,0.2469380177029856,f1_macro_on_full,maximize
ISQUEIRO 2500072 BIC MAX J6,isqueiro,0.2469380177029856,f1_macro_on_full,maximize
CHOCOLATE AO LEITE 13G LINEA,chocolate,0.2469380177029856,f1_macro_on_full,maximize
CERV MORADA HOP ARAB 473 ML,cerveja,0.2469380177029856,f1_macro_on_full,maximize
BARRA CHOC SNICKER  AMEND MOUS MARAC 42G,chocolate,0.2469380177029856,f1_macro_on_full,maximize
"MAC NISSIN, COSTELA 85G, .",macarrao,0.2469380177029856,f1_macro_on_full,maximize
DESUMID SECAR ORIG PT 80G LAVANDA,desumidificador,0.2469380177029856,f1_macro_on_full,maximize
SABAO PO BRILHANTE M TEC LIMP,lava roupas,0.2469380177029856,f1_macro_on_full,maximize
BISC PIRAQUE RECHEADO MORANGO,biscoito,0.2469380177029856,f1_macro_on_full,maximize
IOGURTE DANONE ESPECIAL CREMOSO BDJ 510G,iogurte,0.2469380177029856,f1_macro_on_full,maximize
PAPEL HIG CARREFOUR FS 60M NEUTRO L24P22,papel higienico,0.2469380177029856,f1_macro_on_full,maximize
TEMP SAZON 40G VERDE,tempero pronto,0.2469380177029856,f1_macro_on_full,maximize
ERVA DOCE BEIJA FLOR PCT 15G,outro condimento,0.2469380177029856,f1_macro_on_full,maximize
CHIN FEM HAV TOP SPRING DOURADO 37 38,chinelo,0.2469380177029856,f1_macro_on_full,maximize
FARINHA MILHO VITAMILHO CUSCUZ 500g,farinha de milho,0.2469380177029856,f1_macro_on_full,maximize
FRONHA ROYAL 100 ALG BEGE,fronha,0.2469380177029856,f1_macro_on_full,maximize
ESPAGUETE ESTRELA SEMOLA 500G,macarrao,0.2469380177029856,f1_macro_on_full,maximize
BISC AGUA E SAL PIRAQUE 200G,biscoito,0.2469380177029856,f1_macro_on_full,maximize
GOMA PRON TAPIOCA SIAMAR 500G TRAD,tapioca,0.2469380177029856,f1_macro_on_full,maximize
SUCO LARANJA TROPISUCO 330ML,suco pronto,0.2469380177029856,f1_macro_on_full,maximize
IOG GREGO NESTLE FRUTAS VERMELHAS 90G,iogurte,0.2469380177029856,f1_macro_on_full,maximize
RACAO UMIDA PEDIGFILHOTE FRANGO 100G,alimento pet,0.2469380177029856,f1_macro_on_full,maximize
COB CHOC SENINHA 200G,cobertura pronta,0.2469380177029856,f1_macro_on_full,maximize
MIX NUTS 50G,"nozes, castanhas e outras oleaginosas",0.2469380177029856,f1_macro_on_full,maximize
PILHA PANASONIC PALITO AAA LV PG- C/8,pilha,0.2469380177029856,f1_macro_on_full,maximize
ALFACE AMER.ORG.APRECIE NATURAL AV   1UN,alface,0.2469380177029856,f1_macro_on_full,maximize
FAR TRIGO D BENTA S/FERM 1KG,farinha de trigo,0.2469380177029856,f1_macro_on_full,maximize
MOLHO VIEIRA 150ML  INGLES,outro molho,0.2469380177029856,f1_macro_on_full,maximize
AGUA MINERAL ARMAZEM MORMAII 200ML,agua,0.2469380177029856,f1_macro_on_full,maximize
FILE PEITO FRANGO JAGUA BDJ CONG 1Kg,carne de ave,0.2469380177029856,f1_macro_on_full,maximize
BATATA PALITO BRETAS CONG 2Kg,batata congelada,0.2469380177029856,f1_macro_on_full,maximize
MINI COLOMBA BAUDUC CHOC 100G,panificacao pascoa,0.2469380177029856,f1_macro_on_full,maximize
REFRESCO TANG ABACAXI            PCT 18G,preparo para suco,0.2469380177029856,f1_macro_on_full,maximize
CERV BRAHMA MALZB 350ML LT,cerveja,0.2469380177029856,f1_macro_on_full,maximize
CHOCOLATE HERSHEY COOKIES 20G,chocolate,0.2469380177029856,f1_macro_on_full,maximize
QUEIJO MINAS PAD SERRO KG M-CURA,queijo,0.2469380177029856,f1_macro_on_full,maximize
PAO CASEIRO,padaria e confeitaria fresca,0.2469380177029856,f1_macro_on_full,maximize
LOMBO SUINO RESF BDJ Kg,carne suina,0.2469380177029856,f1_macro_on_full,maximize
BISC SUSPIROLANDIA 200GR AMANTEIGADO,biscoito,0.2469380177029856,f1_macro_on_full,maximize
ABS INTERNO INTIMUS MINI C/8,absorvente,0.2469380177029856,f1_macro_on_full,maximize
FARIN ORQUIDEA PANKO 250g,farinha para empanar,0.2469380177029856,f1_macro_on_full,maximize
DOCE DE LEITE ARG VACALIN 450GR,outro doce,0.2469380177029856,f1_macro_on_full,maximize
PACK MINI BROWNIE AVELA WICKBOLD C5 150G,padaria e confeitaria industrializado,0.2469380177029856,f1_macro_on_full,maximize
"DESINF PINHO SOL 1,75L ORIG",desinfetante,0.2469380177029856,f1_macro_on_full,maximize
CANECA CRFH AZ 220ML HO241244,caneca,0.2469380177029856,f1_macro_on_full,maximize
AZEITONA PREDILECTA FAT 120g,azeitona,0.2469380177029856,f1_macro_on_full,maximize
BISC WALKERS S BREAD CHOCO CHIP125G,biscoito,0.2469380177029856,f1_macro_on_full,maximize
SOBRECOXA FRANGO REGINA CONG 1Kg,carne de ave,0.2469380177029856,f1_macro_on_full,maximize
"LAMEN MIOJO CREMOSO 88g, PICANHA",macarrao,0.2469380177029856,f1_macro_on_full,maximize
IND CROISSANT FGO SN 85G,padaria e confeitaria industrializado,0.2469380177029856,f1_macro_on_full,maximize
FERMENTO DR.OETKER QUIMICO SACHE 100G,fermento,0.2469380177029856,f1_macro_on_full,maximize
ALIM SOJA MARACUJA SOYOS SUFRESH 200ML,bebida de soja,0.2469380177029856,f1_macro_on_full,maximize
LIMAO GALEGO GNEL KG,limao,0.2469380177029856,f1_macro_on_full,maximize
AZEITE OLIVA OLIVARES ROCHA EXTRA VIRG 500ml,azeite de oliva,0.2469380177029856,f1_macro_on_full,maximize
MIKES HARD LEMON 269ML,bebida mista,0.2469380177029856,f1_macro_on_full,maximize
ODORIZ GLADE C3 12ML L3P2 RF BRISA CITR,aromatizador,0.2469380177029856,f1_macro_on_full,maximize
CHA CAMOMILA BARAO GENGIBRE MEL  10G,cha por infusao,0.2469380177029856,f1_macro_on_full,maximize
PROT LABIAL NIVEA CEREJA SHINE 8G,produto labial,0.2469380177029856,f1_macro_on_full,maximize
DORITOS WASABI 78G,aperitivo,0.2469380177029856,f1_macro_on_full,maximize
2 DESOD REXONA AERO ANT INV FEM 90G P ES,desodorante,0.2469380177029856,f1_macro_on_full,maximize
CERV COLORADO LAGER SLEEK 8X350ML,cerveja,0.2469380177029856,f1_macro_on_full,maximize
AP BARBEAR BIC 3 C/02 ACQUA,aparelho de barbear e depilatorio,0.2469380177029856,f1_macro_on_full,maximize
BROCOLIS NINJA BD JW 150G,brocolis,0.2469380177029856,f1_macro_on_full,maximize
TAPETE PORTA COMED CRF GD82354,outro pet shop,0.2469380177029856,f1_macro_on_full,maximize
TOALHA PAPEL KLASS 100 FL,papel toalha,0.2469380177029856,f1_macro_on_full,maximize
GOMA MASCAR MENTOS PT 56G MORANGO,goma de mascar,0.2469380177029856,f1_macro_on_full,maximize
FGO SADIA TEMP CONG S/ MIUDOS KG,carne de ave,0.2469380177029856,f1_macro_on_full,maximize
NECTAR TIAL 330ML GOIABA,suco pronto,0.2469380177029856,f1_macro_on_full,maximize
SALG TORCIDA 100G CAMARAO C/PIMEN,aperitivo,0.2469380177029856,f1_macro_on_full,maximize
"PO P/REFRES PARATI TRINK 25g, MORANGO",preparo para suco,0.2469380177029856,f1_macro_on_full,maximize
VODKA LEONOFF 965ML,vodca,0.2469380177029856,f1_macro_on_full,maximize
AMIDO MILHO SIAMAR 200G,amido de milho,0.2469380177029856,f1_macro_on_full,maximize
AGUA OXIG 40V CREMOSA 90ML FARMAX,agua oxigenada,0.2469380177029856,f1_macro_on_full,maximize
MASSA AGNHOLINE CAZA DI LUCA PC500G FRANGO,outro congelado,0.2469380177029856,f1_macro_on_full,maximize
SAB PHEBO 90G ODOR ROSAS,sabonete,0.2469380177029856,f1_macro_on_full,maximize
VINAG ALCOOL LIMAO CASTELO 750ML,vinagre,0.2469380177029856,f1_macro_on_full,maximize
BERINJELA KG,berinjela,0.2469380177029856,f1_macro_on_full,maximize
MOLHO INGLES MARIZA 500ML,molho ingles,0.2469380177029856,f1_macro_on_full,maximize
PH NOBLE FS 12RLS BRANCO 12UND,papel higienico,0.2469380177029856,f1_macro_on_full,maximize
VILA DO COELHO MONTE  40G,ovo de pascoa,0.2469380177029856,f1_macro_on_full,maximize
APRESUNT PAMPLONA FAT PC 180G,apresuntado,0.2469380177029856,f1_macro_on_full,maximize
NHOQUE GIUSEPPE FERRO 500GR,macarrao,0.2469380177029856,f1_macro_on_full,maximize
ALFACE AMER BENASSI 180G-BJ,alface,0.2469380177029856,f1_macro_on_full,maximize
PIZZA PRESUNTO PQ  1,pizza congelada,0.2469380177029856,f1_macro_on_full,maximize
SACO LIXO PRETO KISACO RES C5 100L,saco de lixo,0.2469380177029856,f1_macro_on_full,maximize
SALSICHA LONGUETE SEARA 500G,salsicha,0.2469380177029856,f1_macro_on_full,maximize
MASSA GERIBA PRONTA P/TAPIOCA 500G,tapioca,0.2469380177029856,f1_macro_on_full,maximize
BISC WAFER CHOKOLOT VITAMA CHOCOLATE,biscoito,0.2469380177029856,f1_macro_on_full,maximize
PAPEL HIG PERSONAL L12 P11 VIP 30M,papel higienico,0.2469380177029856,f1_macro_on_full,maximize
REFRIG SPRITE FRESH LIMAO LT 310ML,refrigerante,0.2469380177029856,f1_macro_on_full,maximize
CARNE BOV.CHULETA DUPLA         AV    KG,carne bovina,0.2469380177029856,f1_macro_on_full,maximize
CHOC NESTLE 90G TA ALPINO EX-CREM,chocolate,0.2469380177029856,f1_macro_on_full,maximize
CHOC NESTLE NESCAU BALL PC 75G,chocolate,0.2469380177029856,f1_macro_on_full,maximize
LING COST CG 400G  G,linguica,0.2469380177029856,f1_macro_on_full,maximize
"DETERGENTE HIPPER 500ML, CLEAN",detergente,0.2469380177029856,f1_macro_on_full,maximize
SALG PETISKO 40G-PC CEBOLA/SALSA,aperitivo,0.2469380177029856,f1_macro_on_full,maximize
UVA ROSADA 500g,uva,0.2469380177029856,f1_macro_on_full,maximize
"BEB DEL VALLE FRESH 1,5L- PET LIMAO",suco pronto,0.2469380177029856,f1_macro_on_full,maximize
LUVA LIMPPANO MULTIUSO MED C/2,luvas de borracha,0.2469380177029856,f1_macro_on_full,maximize
PEIXE FILE TILAPIA COPACOL 600G CONG,peixe,0.2469380177029856,f1_macro_on_full,maximize
TORRADA ADRIA 142G,torrada,0.2469380177029856,f1_macro_on_full,maximize
TORRADA BAUDUCCO TOAST CEREALE 128G  INT,torrada,0.2469380177029856,f1_macro_on_full,maximize
SAB LIQ TRICOFACIL ERVA DOCE 2L,sabonete,0.2469380177029856,f1_macro_on_full,maximize
CAPS CAF NESPRESSO ITALLE 50G,cafe,0.2469380177029856,f1_macro_on_full,maximize
LTE INT ZERO LACTOSE 6X1L LEITISSI,leite,0.2469380177029856,f1_macro_on_full,maximize
AMAC DOWNY FRESCOR DE PRIMA  500ML,amaciante,0.2469380177029856,f1_macro_on_full,maximize
MINI BOLO BAUDUCCO ROLL CAKE CHOC 34G,padaria e confeitaria industrializado,0.2469380177029856,f1_macro_on_full,maximize
RODO PIA PLASTICO SANREMO 22CM,rodo,0.2469380177029856,f1_macro_on_full,maximize
SALGADINHO DE GALETO 80 G,aperitivo,0.2469380177029856,f1_macro_on_full,maximize
CENOURA KG,cenoura,0.2469380177029856,f1_macro_on_full,maximize
PAO DELICIAS TRIGO INT 380G FORMA AUST,padaria e confeitaria industrializado,0.2469380177029856,f1_macro_on_full,maximize
CR PENT SEDA JUNT TDS TIPOS CB300ML,creme para pentear,0.2469380177029856,f1_macro_on_full,maximize
GUARD PAP MILI FL/DP 50UN-PC MED BISTRO,guardanapo,0.2469380177029856,f1_macro_on_full,maximize
COUVE MANTEIGA JW UN,couve,0.2469380177029856,f1_macro_on_full,maximize
ALIM GATOS CHANIN MIX 1KG,alimento pet,0.2469380177029856,f1_macro_on_full,maximize
FARINHA TRIGO ROSA BRANCA TP1 1KG,farinha de trigo,0.2469380177029856,f1_macro_on_full,maximize
FAR MILHO C.BASICA KOCH N01 400G FLOCAO,farinha de milho,0.2469380177029856,f1_macro_on_full,maximize
DREAMIES CARNE 40GRS,alimento pet,0.2469380177029856,f1_macro_on_full,maximize
COOKIE CHOC CARREFOUR GOT CHOC 60G,biscoito,0.2469380177029856,f1_macro_on_full,maximize
CHOC BIS OREO 100.8G,chocolate,0.2469380177029856,f1_macro_on_full,maximize
LEITE L VIDA INTEGRAL PIRACANJUBA 1L,leite,0.2469380177029856,f1_macro_on_full,maximize
PETIT SUISSE ITAMBEZINHO 320G-BJ MOR/BANANA,iogurte,0.2469380177029856,f1_macro_on_full,maximize
SH CLEAR DETOX DIARIO L400ML P330ML,shampoo,0.2469380177029856,f1_macro_on_full,maximize
PACK MACH3 SENSITIV 1UN 1 ESP 56G,aparelho de barbear e depilatorio,0.2469380177029856,f1_macro_on_full,maximize
GELEIA MOCOTO FRAMB180,geleia de mocoto,0.2469380177029856,f1_macro_on_full,maximize
BLOCO SANIT RF CRF ESSENTIAL LAVAND,pedra sanitaria,0.2469380177029856,f1_macro_on_full,maximize
TORRESMO PRONTO TORRESMINAS 180G-PC TRAD,petisco e salgadinho congelado,0.2469380177029856,f1_macro_on_full,maximize
NECTAR MISTO SHEFA LARANJA 200 ML,suco pronto,0.2469380177029856,f1_macro_on_full,maximize
BEB PROT 10G WHEY PIRACANJUBA COCO TP 1L,demais funcionais e restritivos,0.2469380177029856,f1_macro_on_full,maximize
REQ CREM TR FRIM 200G,requeijao,0.2469380177029856,f1_macro_on_full,maximize
SALSICHA HOT DOG SADIA SAH 500G,salsicha,0.2469380177029856,f1_macro_on_full,maximize
VICK PYRENA GRIP 7 20CAPS,outro farma,0.2469380177029856,f1_macro_on_full,maximize
CERVEJA SKOL 300ML-LN RETORNAVEL,cerveja,0.2469380177029856,f1_macro_on_full,maximize
MANT IPANEMA PT CS 200G,manteiga,0.2469380177029856,f1_macro_on_full,maximize
IOG POLPA GREGO NEST 400G FRUT VERM,iogurte,0.2469380177029856,f1_macro_on_full,maximize
FARINHA TRIGO C FERMENTO FINNA 1KG,farinha de trigo,0.2469380177029856,f1_macro_on_full,maximize
AZEITONA VALE FERTIL 120GR VER S/CA,azeitona,0.2469380177029856,f1_macro_on_full,maximize
CANELA CASCA CARREFOUR 20G,canela,0.2469380177029856,f1_macro_on_full,maximize
GIN TONIC TANQUERAY LT 269ML,gin,0.2469380177029856,f1_macro_on_full,maximize
PERNIL SUINO ESPUMANTE CONG SADIA K,carne suina,0.2469380177029856,f1_macro_on_full,maximize
SMARTPHONE MOTO ONE FUSION 128GB AZUL,celular,0.2469380177029856,f1_macro_on_full,maximize
HID BIOEXTRATUS 200G,creme corporal,0.2469380177029856,f1_macro_on_full,maximize
COXINHA BIG FRANGO ASA FG IQF 1KG,carne de ave,0.2469380177029856,f1_macro_on_full,maximize
ESC DENT JOHNSONS ESSENCIAL ECO MACIA,escova de dentes,0.2469380177029856,f1_macro_on_full,maximize
CAFE DO PONTO CHOC TRUFADO      PCT 100G,cafe,0.2469380177029856,f1_macro_on_full,maximize
PERU TEMPERADO CONG SADIA PRT0,carne de ave sazonal,0.2469380177029856,f1_macro_on_full,maximize
AVEIA NESTLE FLOCOS FINOS 170G,aveia e seus derivados,0.2469380177029856,f1_macro_on_full,maximize
ALGODAO BOLAS TOPZ 50G,algodao,0.2469380177029856,f1_macro_on_full,maximize
DESINFETANTE ATIV NORDESTAO T HERBAL,desinfetante,0.2469380177029856,f1_macro_on_full,maximize
AGUA COCO KERO COCO 1L,agua de coco,0.2469380177029856,f1_macro_on_full,maximize
ARROZ ARBORIO TIPO 1 PILECCO NOBRE,arroz,0.2469380177029856,f1_macro_on_full,maximize
LOCAO HID PAIXAO 200ML  INSPIRADORA,creme corporal,0.2469380177029856,f1_macro_on_full,maximize
PEITO FGO CERATTI 100G FAT DEF TOM SEC,carne de ave,0.2469380177029856,f1_macro_on_full,maximize
CR LEITE PIRACANJUBA CX 200G,creme de leite,0.2469380177029856,f1_macro_on_full,maximize
VASO SUCULENTA C13 PENDENTE,plantas e sementes,0.2469380177029856,f1_macro_on_full,maximize
LEITE L VIDA UHT SELITA INT 1L,leite,0.2469380177029856,f1_macro_on_full,maximize
"MATTE LEAO PET 1,5L, PESSEGO, .",cha pronto,0.2469380177029856,f1_macro_on_full,maximize
MAIONESE ARISCO SACHET 196G,maionese,0.2469380177029856,f1_macro_on_full,maximize
PIMENTA PTA MOIDA CHELLI        PT  45GR,outro condimento,0.2469380177029856,f1_macro_on_full,maximize
BACON OURO SUL PEDACO kg,carne suina,0.2469380177029856,f1_macro_on_full,maximize
LING CALAB PERDIGAO 400G,linguica,0.2469380177029856,f1_macro_on_full,maximize
BISC CRACKER ORG TRIBOS 130G,biscoito,0.2469380177029856,f1_macro_on_full,maximize
MINI BIS CRACKER VEG DPA JASMINE PIZ 80G,biscoito,0.2469380177029856,f1_macro_on_full,maximize
BISC NESFIT DELICE MACA/CANELA 140G,biscoito,0.2469380177029856,f1_macro_on_full,maximize
ARROZ GARFO LEGAL TP1 5KG,arroz,0.2469380177029856,f1_macro_on_full,maximize
MASSA FUSILI D CHIAR 500G,macarrao,0.2469380177029856,f1_macro_on_full,maximize
SACO LIXO HIPER-ROLL DOB 30LT C10,saco de lixo,0.2469380177029856,f1_macro_on_full,maximize
"REF PET 200ML, PEPSI TWIST",refrigerante,0.2469380177029856,f1_macro_on_full,maximize
AMAC CONC COMFORT PURO CUID SC 900ML,amaciante,0.2469380177029856,f1_macro_on_full,maximize
IOG NAT DESN SABOReVIDA 150G,iogurte,0.2469380177029856,f1_macro_on_full,maximize
SAB INF JOHNSON BABY 80G-CX OLEO AMENDOA,sabonete infantil,0.2469380177029856,f1_macro_on_full,maximize
SUCO LARANJA INT NATURAL FAZENDA 900ML,suco pronto,0.2469380177029856,f1_macro_on_full,maximize
POTE CALDO DESC COPOBRAS 240ML 50UN,recipientes,0.2469380177029856,f1_macro_on_full,maximize
CHIA SEMENTE MAE TERRA 100G,sementes,0.2469380177029856,f1_macro_on_full,maximize
PAO FORMA INT CAST LINH PANCO 380G,padaria e confeitaria industrializado,0.2469380177029856,f1_macro_on_full,maximize
AMAC PLIN 2LT  CLASSICO,amaciante,0.2469380177029856,f1_macro_on_full,maximize
CAM DES COZ 60/80 PC FISGO PC 300G,fruto do mar,0.2469380177029856,f1_macro_on_full,maximize
PASTILHA VALDA DIET CANONNE       LT 50G,bala,0.2469380177029856,f1_macro_on_full,maximize
PAO 100  INTEGRAL NUTRELLA SUPREME 450g,padaria e confeitaria industrializado,0.2469380177029856,f1_macro_on_full,maximize
LEITE EM PO INTEGRAL BETANIA 750G,leite em po,0.2469380177029856,f1_macro_on_full,maximize
SARD OLEO G COSTA 125G,proteina em conserva,0.2469380177029856,f1_macro_on_full,maximize
"LAVA ROUPAS BRILHANTE SC LV1,6PG1,45KG",lava roupas,0.2469380177029856,f1_macro_on_full,maximize
TACA P/CERVEJA NADIR PAULISTA 300ML,taca,0.2469380177029856,f1_macro_on_full,maximize
SAL GROSSO KITANO PC 1KG,sal,0.2469380177029856,f1_macro_on_full,maximize
COCO RALADO DUCOCO FLOCOS 100G,derivados do coco seco,0.2469380177029856,f1_macro_on_full,maximize
IOGURTE V.CAMPO LACFREE NAT.    GF 500GR,iogurte,0.2469380177029856,f1_macro_on_full,maximize
ALCOOL GEL ACENDEDOR CARREFOUR 425G,acendedor,0.2469380177029856,f1_macro_on_full,maximize
SUCO SUFRESH UVA 1L,suco pronto,0.2469380177029856,f1_macro_on_full,maximize
PE DE MOLEQUE GUIMARAES 200GR,doce de amendoim,0.2469380177029856,f1_macro_on_full,maximize
PURE BATATA KG,prato pronto,0.2469380177029856,f1_macro_on_full,maximize
LUFBEM 15ML GTS NATULAB,outro farma,0.2469380177029856,f1_macro_on_full,maximize
MIST BOLO BROWNIE DONA BENTA 400G,preparo para bolo,0.2469380177029856,f1_macro_on_full,maximize
BEBIDA ADOCADA MAGUARY GOIABA 900ML,suco pronto,0.2469380177029856,f1_macro_on_full,maximize
LEITE PO NINHO INT SH 750G,leite em po,0.2469380177029856,f1_macro_on_full,maximize
LEITE COCO SOCOCO 200ML RTC,leite de coco,0.2469380177029856,f1_macro_on_full,maximize
GELATINA PO APTI PC 20G UVA,gelatina,0.2469380177029856,f1_macro_on_full,maximize
CERVEJA HEINEKEN L/N 250ml,cerveja,0.2469380177029856,f1_macro_on_full,maximize
LIMP M USO VEJA CAMPESTRE 500ml,multiuso,0.2469380177029856,f1_macro_on_full,maximize
"BISC NESTLE PASSAT 130G, MGO, .",biscoito,0.2469380177029856,f1_macro_on_full,maximize
ICE WALESA PET 275ML MACA VERDE,bebida mista,0.2469380177029856,f1_macro_on_full,maximize
CREME RICOTA POLENGHI 150G,queijo cremoso,0.2469380177029856,f1_macro_on_full,maximize
GRAN CASEIRA TRAD MAE TERR 250G,granola,0.2469380177029856,f1_macro_on_full,maximize
PUDIM CARAM APTI NAC 50G,preparo para pudim,0.2469380177029856,f1_macro_on_full,maximize
BROCOLIS SWIFT 300G,brocolis,0.2469380177029856,f1_macro_on_full,maximize
PEIXE FILE POLACA ALASCA 1KG CONG,peixe,0.2469380177029856,f1_macro_on_full,maximize
CREAM CHEESE DANUBIO LIGHT PT 300G,queijo cremoso,0.2469380177029856,f1_macro_on_full,maximize
ACHOC NESCAU 2KG,achocolatado,0.2469380177029856,f1_macro_on_full,maximize
CONTRA FILE BOV-ATEND FORA VACUO KG,carne bovina,0.2469380177029856,f1_macro_on_full,maximize
COLA SUP BONDER ORIGINAL LOCTITE 3G,cola,0.2469380177029856,f1_macro_on_full,maximize
LASANHA MASSA LEVE CX 600G 4QUEIJOS,lasanha congelada,0.2469380177029856,f1_macro_on_full,maximize
GRAN FR S ACUCAR MAE TERRA 800G,cereal matinal,0.2469380177029856,f1_macro_on_full,maximize
LIXA UNHAS CARREFOUR SOFT 6UN,lixa,0.2469380177029856,f1_macro_on_full,maximize
MAC OVOS PETYBON 500G ESPAG,macarrao,0.2469380177029856,f1_macro_on_full,maximize
LASANHA REZENDE PRESUNTO QUEIJO  CX 600G,lasanha congelada,0.2469380177029856,f1_macro_on_full,maximize
"ROLO ALUMINIO CONSERV    45X7,5 AV   1UN",folha de aluminio,0.2469380177029856,f1_macro_on_full,maximize
"BISC DANIX RECH 130G, MOR",biscoito,0.2469380177029856,f1_macro_on_full,maximize
FAROFA PRONTA YURISAWA SOJA GFA 500g,farofa pronta,0.2469380177029856,f1_macro_on_full,maximize
DESINF ZUPP PINHO LAVANDA 500ml,desinfetante,0.2469380177029856,f1_macro_on_full,maximize
INSET AERO REPEL JOHNSON OFF 165ml,repelente,0.2469380177029856,f1_macro_on_full,maximize
FOSFORO FIAT LUX OLHO CARTAO C 40UN,fosforo,0.2469380177029856,f1_macro_on_full,maximize
SONRISAL TRADICIONAL EFERV GLAXO     2CP,outro farma,0.2469380177029856,f1_macro_on_full,maximize
INSET AER RAID LV PG-420ML FORMIGAS,inseticida,0.2469380177029856,f1_macro_on_full,maximize
CENOURA EMBALADA KG,cenoura,0.2469380177029856,f1_macro_on_full,maximize
SORV JUNDIA CHOC 2L,sorvete,0.2469380177029856,f1_macro_on_full,maximize
LENCO LIMP FAC NIVEA 3EM1 PELE SECA C/25,removedor de maquiagem,0.2469380177029856,f1_macro_on_full,maximize
"PO P/REFRES FRISCO 25g, LARANJA/ACER",preparo para suco,0.2469380177029856,f1_macro_on_full,maximize
ACHOC PO NESCAU 760G 3.0 SAC,achocolatado,0.2469380177029856,f1_macro_on_full,maximize
LOSARTANA POTASSICA 50MG EMS GEN    30CP,outro farma,0.2469380177029856,f1_macro_on_full,maximize
TV LED 43 SAMSUNG 43T5300 FHD SMART,televisao,0.2469380177029856,f1_macro_on_full,maximize
REF SPRITE LEMON FRESH 12X510ML,refrigerante,0.2469380177029856,f1_macro_on_full,maximize
P  DE MOLEQUE CROC QUERO MAIS 100G,doce de amendoim,0.2469380177029856,f1_macro_on_full,maximize
AZEITONA VDE C CAROCO DIZA SC 150G,azeitona,0.2469380177029856,f1_macro_on_full,maximize
SNACK BATATA LONG CHIPS 75G QJO,aperitivo,0.2469380177029856,f1_macro_on_full,maximize
AZEITONA VERDE CAMPO BELO FAT POUCH 80g,azeitona,0.2469380177029856,f1_macro_on_full,maximize
"MIST LEITE/GORD QUEIJOeSABOR 1,5KG SABOR REQUEIJAO",requeijao,0.2469380177029856,f1_macro_on_full,maximize
SOBRECOXA FGO SADIA CONG BDJ 1kg,carne de ave,0.2469380177029856,f1_macro_on_full,maximize
PALITO DE DENTE BAMBU 240UNID,palito de dentes,0.2469380177029856,f1_macro_on_full,maximize
SUCO REF PROMIX UVA 100G,preparo para suco,0.2469380177029856,f1_macro_on_full,maximize
TOMATE SALADA ORG 500G,tomate,0.2469380177029856,f1_macro_on_full,maximize
IOG LIQ CORPUS AMORA/MARAC 170G,iogurte,0.2469380177029856,f1_macro_on_full,maximize
"REFRIG IT PET 2L, GUARANA, .",refrigerante,0.2469380177029856,f1_macro_on_full,maximize
BACON SADIA KG,carne suina,0.2469380177029856,f1_macro_on_full,maximize
AGUA SANIT Q BOA 2L,agua sanitaria,0.2469380177029856,f1_macro_on_full,maximize
CHOC KIT KAT 41 5G  BRANCO,chocolate,0.2469380177029856,f1_macro_on_full,maximize
CAFE NESCAFE GOLD INT.LIOF      VD 100GR,cafe,0.2469380177029856,f1_macro_on_full,maximize
SHORTS MOLETI P1 3RS 10828 CHU FMPV20,short,0.2469380177029856,f1_macro_on_full,maximize
POLVILHO AZEDO PINDUCA 1KG,polvilho,0.2469380177029856,f1_macro_on_full,maximize
BISC WAFER MARILAN CHOCOLATE 115G,biscoito,0.2469380177029856,f1_macro_on_full,maximize
COLORIFICO ZUPPA 70GR COLORAU,colorifico,0.2469380177029856,f1_macro_on_full,maximize
"PASTILHA GAROTO 17G, MENTOL",bala,0.2469380177029856,f1_macro_on_full,maximize
MOSTAR POUCH ODERIC 200G 200G,mostarda,0.2469380177029856,f1_macro_on_full,maximize
BISC MALTADO LIGHT PIRAQUE 160G,biscoito,0.2469380177029856,f1_macro_on_full,maximize
AZEITE EXT VIRG GALLO 500ML VD,azeite de oliva,0.2469380177029856,f1_macro_on_full,maximize
MIST LACTEA COND TRIANGULO 395G,leite condensado,0.2469380177029856,f1_macro_on_full,maximize
PRATO DESC FESTA FACIL FD 21CM BCO C/10,prato descartavel,0.2469380177029856,f1_macro_on_full,maximize
ACHOC PO SHOWCAU 400G SAC,achocolatado,0.2469380177029856,f1_macro_on_full,maximize
COSTELA BOV VC KG,carne bovina,0.2469380177029856,f1_macro_on_full,maximize
BALAO PIC PIC LISO 65 LILAS C/50,balao de festa,0.2469380177029856,f1_macro_on_full,maximize
LEITE PARMALAT INTEG TP 1L,leite,0.2469380177029856,f1_macro_on_full,maximize
FILEZINHO FGO PERDIGAO 1KG FPI,carne de ave,0.2469380177029856,f1_macro_on_full,maximize
REFRATARIO CERAMICO RED STAUB VM 30CM,recipientes,0.2469380177029856,f1_macro_on_full,maximize
"CEREAL INFANT MUCILON PT 180g, MILHO",cereal infantil ou farinha lactea,0.2469380177029856,f1_macro_on_full,maximize
CERVEJA GLACIAL LT 350ML,cerveja,0.2469380177029856,f1_macro_on_full,maximize
CERV WITBIER BLUE MOON SLEEK LATA 350ML,cerveja,0.2469380177029856,f1_macro_on_full,maximize
ESCOVA DENTAL ORAL B CLEAN       C/3,escova de dentes,0.2469380177029856,f1_macro_on_full,maximize
G LEVONORGESTRE 1.5MG C/1 COMP NEO QUIMI,outro farma,0.2469380177029856,f1_macro_on_full,maximize
KETCHUP HEMMER TRADICIONAL 320G,ketchup,0.2469380177029856,f1_macro_on_full,maximize
AMEND TORR S PELE PETTIZ DORI 320G,amendoim,0.2469380177029856,f1_macro_on_full,maximize
SAL LIGHT CISNE 500G,sal,0.2469380177029856,f1_macro_on_full,maximize
LAVA ROUPA TIXAN YPE SC 3KG MACIEZ,lava roupas,0.2469380177029856,f1_macro_on_full,maximize
ATUM SOLIDO 88 OLEO 140G,proteina em conserva,0.2469380177029856,f1_macro_on_full,maximize
LASANHA PERDIGAO 1KG BOLONHESA,lasanha congelada,0.2469380177029856,f1_macro_on_full,maximize
CESTO ROUPAS PLASTICO SANREMO PT 46 5L,outro bazar e departamentos,0.2469380177029856,f1_macro_on_full,maximize
PURO ALHO SADIO S/SAL PT 200G,alho processado,0.2469380177029856,f1_macro_on_full,maximize
PERNIL SUIN S/O RESF FRAC Kg,carne suina,0.2469380177029856,f1_macro_on_full,maximize
BIFINHO PETITOS 1KG CARNE,alimento pet,0.2469380177029856,f1_macro_on_full,maximize
VINHO BARTOLO TINTO SECO        GF 750ML,vinho nacional,0.2469380177029856,f1_macro_on_full,maximize
MANTEIGA BATAVO C/SAL           TB 200GR,manteiga,0.2469380177029856,f1_macro_on_full,maximize
MELAO PELE SAPO FAT CRFO,vegetal higienizado e processado,0.2469380177029856,f1_macro_on_full,maximize
REFRESCO PO TANG TANGERINA 18g,preparo para suco,0.2469380177029856,f1_macro_on_full,maximize
VIN BC STA HEL RSVD 750ML,vinho importado,0.2469380177029856,f1_macro_on_full,maximize
REFR COCA ZERO PET 200ml,refrigerante,0.2469380177029856,f1_macro_on_full,maximize
COLHER PLAST STRAWPLAST REF BC C/50,talher descartavel,0.2469380177029856,f1_macro_on_full,maximize
AMEIXA IMPORTADA KG,ameixa,0.2469380177029856,f1_macro_on_full,maximize
ERVILHA PREDILECTA LT 170G,ervilha em conserva,0.2469380177029856,f1_macro_on_full,maximize
LAMPADA LED ARTEK BIVOLT 7W 6500K,lampada,0.2469380177029856,f1_macro_on_full,maximize
DES G SOL LIMAO 2L VERDE 2L,desinfetante,0.2469380177029856,f1_macro_on_full,maximize
CROISSANT QUEIJO kg,padaria e confeitaria fresca,0.2469380177029856,f1_macro_on_full,maximize
MAIONESE HELLMANN S VERDE PET 335g,maionese,0.2469380177029856,f1_macro_on_full,maximize
LEITE COND PIRACANJUBA S/LAC TP395G,leite condensado,0.2469380177029856,f1_macro_on_full,maximize
EQUILIBRISE 420MG X 10 COMPRIMIDOS,outro farma,0.2469380177029856,f1_macro_on_full,maximize
ALCOOL 70 PETRIBU 1L 1L,alcool,0.2469380177029856,f1_macro_on_full,maximize
BISC DOG CHOW ORAL R PEQ C3 45G,biscoito,0.2469380177029856,f1_macro_on_full,maximize
KIT 3 MEIAS RP FEM INVIS LISA,meia,0.2469380177029856,f1_macro_on_full,maximize
CHOC PO FLEISCHAMNN 200G,chocolate em po,0.2469380177029856,f1_macro_on_full,maximize
ESPONJA LIMPPANO WISH C/3,esponja,0.2469380177029856,f1_macro_on_full,maximize
LING PAIO SADIA 370G,linguica,0.2469380177029856,f1_macro_on_full,maximize
NHOQUE BATATA MASSA NOBRE 500G,macarrao,0.2469380177029856,f1_macro_on_full,maximize
BACON PAMPLONA TABLET KG,carne suina,0.2469380177029856,f1_macro_on_full,maximize
CHOC PROTOBAR WHEY 70G CHOC,chocolate,0.2469380177029856,f1_macro_on_full,maximize
ALI GATO WHISKAS 85G PEIXE,alimento pet,0.2469380177029856,f1_macro_on_full,maximize
PP REFRIG IT PET 2L  COLA,refrigerante,0.2469380177029856,f1_macro_on_full,maximize
CANETA MARCA TEXTO VERDE F CASTELL,marcador de texto,0.2469380177029856,f1_macro_on_full,maximize
MANT FRIMESA 200G EXTRA S/SAL,manteiga,0.2469380177029856,f1_macro_on_full,maximize
LEITE FERM YAKULT 40 480G,leite fermentado,0.2469380177029856,f1_macro_on_full,maximize
AGUA MIN SFERRIE C/GAS PET 1.5L,agua,0.2469380177029856,f1_macro_on_full,maximize
COSTELA SEM OSSO RESF KG,carne bovina,0.2469380177029856,f1_macro_on_full,maximize
CAFE ALM NHA BENTA 500G,cafe,0.2469380177029856,f1_macro_on_full,maximize
LEITE PO DES INST LA SERENISSIMA SC 500G,leite em po,0.2469380177029856,f1_macro_on_full,maximize
SAB PROTEX ANT VITAMINA E PCO ESP 8X85G,sabonete,0.2469380177029856,f1_macro_on_full,maximize
MELANCIA MINI CEPI KG,melancia,0.2469380177029856,f1_macro_on_full,maximize
CHOCOBALL PROTEIN CHOC/LEI LINEA PC 35G,chocolate,0.2469380177029856,f1_macro_on_full,maximize
NALDECON MULTI C/ 4 COMPRIMIDOS RECKITT,outro farma,0.2469380177029856,f1_macro_on_full,maximize
IOG PED BATAVO 100G DUO MARAC/PESS,iogurte,0.2469380177029856,f1_macro_on_full,maximize
PAO VANDERLEYA FP,padaria e confeitaria fresca,0.2469380177029856,f1_macro_on_full,maximize
BACON FATIAS PERDIGAO 250G,carne suina,0.2469380177029856,f1_macro_on_full,maximize
ACHOC EM PO TODDY  300GR,achocolatado,0.2469380177029856,f1_macro_on_full,maximize
CEREAL INF ITALAC 180G SC ARROZ,cereal matinal,0.2469380177029856,f1_macro_on_full,maximize
MAC PARATI SEMOLA NINHO PCT 500G,macarrao,0.2469380177029856,f1_macro_on_full,maximize
CHOC HERSHEYS 85G DARK CRANBERRY,chocolate,0.2469380177029856,f1_macro_on_full,maximize
SLIME ISAKIDS POTE GLITTER 152G,brinquedo,0.2469380177029856,f1_macro_on_full,maximize
MAC SEMOL BASILAR FININHO N1 500G,macarrao,0.2469380177029856,f1_macro_on_full,maximize
REPEL SBP ELET 45N CHEIRO SV AP REFIL,repelente,0.2469380177029856,f1_macro_on_full,maximize
FRALDA DESC PAMPERS PANTS XG        C/66,fralda,0.2469380177029856,f1_macro_on_full,maximize
BISC RECH NEGRESCO LIMAO SICILIANO 90g,biscoito,0.2469380177029856,f1_macro_on_full,maximize
HASTES FLEXIVEIS PREZUNIC C/150,haste flexivel,0.2469380177029856,f1_macro_on_full,maximize
DESOD NIVEA MASC DRY IMPACT AE     150ML,desodorante,0.2469380177029856,f1_macro_on_full,maximize
PAO QUEIJO FORNO MINAS 400G ED ESP 30A/CONG,massa de pao de queijo,0.2469380177029856,f1_macro_on_full,maximize
MASSA INT GALO ESPAGUETE 8 500G,macarrao,0.2469380177029856,f1_macro_on_full,maximize
SARDINHA GOMES COSTA LIMAO 125G,proteina em conserva,0.2469380177029856,f1_macro_on_full,maximize
LENCO UMED PAMPERS C/48,lenco umedecido,0.2469380177029856,f1_macro_on_full,maximize
SH CLEAR SH 2EM1 MEN 2EM1 400ML,shampoo,0.2469380177029856,f1_macro_on_full,maximize
BEB LAC LECO GF LIQ MOR 800g,bebida lactea,0.2469380177029856,f1_macro_on_full,maximize
"LEITE FERM BETANIA DES KID C/6 80g, TRAD",leite fermentado,0.2469380177029856,f1_macro_on_full,maximize
"MARGARINA QUALY 500G, C/SAL",margarina,0.2469380177029856,f1_macro_on_full,maximize
SORVETE KIBON ESKI-BOM 48G,sorvete,0.2469380177029856,f1_macro_on_full,maximize
ESC BRILHUS MAD P/ROUP UN,escova de limpeza,0.2469380177029856,f1_macro_on_full,maximize
TIGELA OXFORD ACTUAL FOLK 500ML,recipientes,0.2469380177029856,f1_macro_on_full,maximize
"FRALDA BABY SEC ULT MEGA, G C/34",fralda,0.2469380177029856,f1_macro_on_full,maximize
EXTR TOM ELEFANTE 310G,extrato de tomate,0.2469380177029856,f1_macro_on_full,maximize
CHEETOS MIX 130G,aperitivo,0.2469380177029856,f1_macro_on_full,maximize
BISC RECH TORTUGUITA CHOC 86g,biscoito,0.2469380177029856,f1_macro_on_full,maximize
GELEIA CLASSIC QUEENSBERRY LARA 320g,geleia,0.2469380177029856,f1_macro_on_full,maximize
QUIRELA MARPA 500G,alimento pet,0.2469380177029856,f1_macro_on_full,maximize
SALADA BABY SUMMER LA VITA 100G,mix de folhas,0.2469380177029856,f1_macro_on_full,maximize
MARSHMALLOW FINI 200G  TORCAO,bala,0.2469380177029856,f1_macro_on_full,maximize
CAJUINA NORDESTINA 480ML,suco pronto,0.2469380177029856,f1_macro_on_full,maximize
BISC.RECH.NEGRESCO CHOC/ECLIPSE PE  140G,biscoito,0.2469380177029856,f1_macro_on_full,maximize
CR DENTAL ORAL B 70G 100  MENTA,creme dental,0.2469380177029856,f1_macro_on_full,maximize
CAFE SOLU STARBUCKS VANILL LATTE PREM SA,cafe,0.2469380177029856,f1_macro_on_full,maximize
CHOC BR GAROTO OPERA CASTANHA CAJU 80G,chocolate,0.2469380177029856,f1_macro_on_full,maximize
ALIM CAO BISC DOG CHOW MAXI PCT 500G,alimento pet,0.2469380177029856,f1_macro_on_full,maximize
MASS NHOQUE M.LEVE 400G RECH REQ,macarrao,0.2469380177029856,f1_macro_on_full,maximize
PAO FORMA ARTESANO PLUS VITA 500G,padaria e confeitaria industrializado,0.2469380177029856,f1_macro_on_full,maximize
"TEMP PO SAZON 60G PIPOCA, MANTEIGA",tempero pronto,0.2469380177029856,f1_macro_on_full,maximize
WHISKY OLD PARR 12 ANOS 1L,whisky,0.2469380177029856,f1_macro_on_full,maximize
EXTRATO TOMATE ELEFANTE         SH 190GR,extrato de tomate,0.2469380177029856,f1_macro_on_full,maximize
ASA FGO BIG FGO KG CONG,carne de ave,0.2469380177029856,f1_macro_on_full,maximize
MAIONESE HELLMANNS 335G SQZ VERDE,maionese,0.2469380177029856,f1_macro_on_full,maximize
"IOG ITAMBE GREGO 400g, FRUTAS VERMELHAS",iogurte,0.2469380177029856,f1_macro_on_full,maximize
FEIJAO PRETO KNORR 1KG,feijao,0.2469380177029856,f1_macro_on_full,maximize
"SOPA VONO, MANDIOQ/CEB/SALS 17G, .",preparo para sopa,0.2469380177029856,f1_macro_on_full,maximize
"SUCO BEBAH INTEGRAL 1,350L UVA TINTO",suco pronto,0.2469380177029856,f1_macro_on_full,maximize
REQUEIJAO V.CAMPO LACFREE       PT 180GR,requeijao,0.2469380177029856,f1_macro_on_full,maximize
BISC CRUNCHY CARAM/CHOC 140G COLIAN,biscoito,0.2469380177029856,f1_macro_on_full,maximize
MOLHO SHOYU SAKURA 150ML,molho shoyu,0.2469380177029856,f1_macro_on_full,maximize
FETTUCINE MEU MENU PERDIGAO 300G PERU,outro congelado,0.2469380177029856,f1_macro_on_full,maximize
BISC CREAM CRAC AMAN RICHESTER SUP 170g,biscoito,0.2469380177029856,f1_macro_on_full,maximize
"CHOC HERSHEYS CAFE 85G, ESPRESSO, .",chocolate,0.2469380177029856,f1_macro_on_full,maximize
MAC OVOS PENA RENATA 500G,macarrao,0.2469380177029856,f1_macro_on_full,maximize
BISC DUX CRACKER GOLDEN 120G,biscoito,0.2469380177029856,f1_macro_on_full,maximize
CR DENT COLG LUMINOUS WHITE 70G,creme dental,0.2469380177029856,f1_macro_on_full,maximize
ALIM P/ GATOS VALORE 500g,alimento pet,0.2469380177029856,f1_macro_on_full,maximize
REFR FANTA LARANJA 2L,refrigerante,0.2469380177029856,f1_macro_on_full,maximize
LTE COCO DUCOCO VD 200ML,leite de coco,0.2469380177029856,f1_macro_on_full,maximize
REFR ULTIMATE 310ML,refrigerante,0.2469380177029856,f1_macro_on_full,maximize
LASANHA SEARA 600G PRES/QJ,lasanha congelada,0.2469380177029856,f1_macro_on_full,maximize
NOZES RAIZ BEM 100G S/CASCA,"nozes, castanhas e outras oleaginosas",0.2469380177029856,f1_macro_on_full,maximize
MILHO PIPOCA VERANITA 500G,milho para pipoca,0.2469380177029856,f1_macro_on_full,maximize
PEPINO VALE FERTIL 300G SACHE,vegetal em conserva,0.2469380177029856,f1_macro_on_full,maximize
COOKIES PARATI CHOCOLATE        PE   60G,biscoito,0.2469380177029856,f1_macro_on_full,maximize
VELA COOP 17G C8,vela,0.2469380177029856,f1_macro_on_full,maximize
BISC.BISLAU ROSCA CHOCOLATE    PE 700GR,biscoito,0.2469380177029856,f1_macro_on_full,maximize
CHA LEAO MACA CANELA C/20 20G,cha por infusao,0.2469380177029856,f1_macro_on_full,maximize
AMENDOIM TOR MOIDO CAMPO BOM 500G,amendoim,0.2469380177029856,f1_macro_on_full,maximize
UVA RED GLOBE IMPORT KG  AL,uva,0.2469380177029856,f1_macro_on_full,maximize
IOG DANONE 250GR YOPRO MORANGO,iogurte,0.2469380177029856,f1_macro_on_full,maximize
PROTEINA SOJA TEXT CAMIL 400G FGO,proteina vegetal,0.2469380177029856,f1_macro_on_full,maximize
LAVA ROUP PO CONC TIXAN PRIMAV SC 1300KG,lava roupas,0.2469380177029856,f1_macro_on_full,maximize
"ENERGETICO BURN 260ML LT, TRADICIONAL",energetico,0.2469380177029856,f1_macro_on_full,maximize
FEIJAO CARIOCA COCAL TP1 1KG,feijao,0.2469380177029856,f1_macro_on_full,maximize
CR D COLGATE NAT CARVAO ATIVAD,creme dental,0.2469380177029856,f1_macro_on_full,maximize
A.SEPT.BUC.ORAL B LV500ML PG300ML. MENTA,enxaguante bucal,0.2469380177029856,f1_macro_on_full,maximize
