Métrica,l0_size,Média,Mediana,DesvioPadrão,Mínimo,P25,P75,Máximo,IQR,CV (Mediana)
Acurácia,10,0.0666486929083538,0.06886945060212091,0.023793365724529295,0.02560262017454516,0.045917959778723066,0.08824616060551595,0.1021708305873425,0.04232820082679288,0.3454850470131601
Acurácia,20,0.10501201579027951,0.11005931340243244,0.023252659926830784,0.04938789367523416,0.08918479020629881,0.12180716154414556,0.1381183472130689,0.03262237133784675,0.21127389401870444
Acurácia,30,0.1395309514775095,0.1386775308050247,0.022874167251170717,0.09528088990074492,0.12531204441515387,0.15538314061470254,0.1813951630619296,0.030071096199548675,0.16494501274605117
Acurácia,40,0.1597128192838456,0.1594472070776666,0.022555345160257777,0.1002736005432069,0.1445889002056997,0.17824476264653608,0.1910211091805963,0.033655862440836376,0.14145964317713916
Acurácia,50,0.17848607699425506,0.17975755397120205,0.02182968259331282,0.1240788448864658,0.1644349250094862,0.19855011682942902,0.2084955964292133,0.034115191819942825,0.12143958342563142
Acurácia,60,0.19279984555881746,0.1935074790805424,0.019339647187673413,0.1453877339084936,0.17935314440916264,0.20664829349150243,0.2303836398857668,0.027295149082339792,0.09994263363681753
Acurácia,70,0.2073119911595737,0.20658838096379284,0.013829839613845686,0.1771613444371218,0.19641323667445532,0.21896031793581372,0.2293850977572744,0.022547081261358404,0.06694393693576406
Acurácia,80,0.22426856789087932,0.22391308689313605,0.014748210588848525,0.2027240229265273,0.2118906396660875,0.23471232001278133,0.2523116250274599,0.022821680346693823,0.065865781797834
Acurácia,90,0.23534905704338333,0.2338086393864957,0.01928668938176171,0.2049807281369201,0.22076767918838494,0.2497503644678769,0.2778343618317257,0.028982685279491965,0.08248920719901533
Acurácia,100,0.24745271903021587,0.24740878317656217,0.01577549163294539,0.2171429712619575,0.2365646156611347,0.2566053561799772,0.281069638328041,0.020040740518842498,0.06376285985742236
Acurácia,200,0.3331649125609943,0.3329339164819364,0.01592023220657962,0.3061929582809099,0.32094641822938513,0.34500629081540957,0.3695604417550377,0.024059872586024433,0.04781799441459246
Acurácia,300,0.3909152637149761,0.39193777085455234,0.010388987944865506,0.365446448185649,0.3877039522297446,0.3974896650889701,0.4089229724602081,0.009785712859225526,0.026506728085194216
Acurácia,400,0.4345728569621686,0.4335170650849759,0.009774766317488607,0.4170511053861363,0.4294030715155872,0.43879436023405827,0.4650610109240509,0.009391288718471058,0.0225475928912395
Acurácia,500,0.4683668510641131,0.46699818265332615,0.008229781666833396,0.4524993509476165,0.4627793421604457,0.47494158528548314,0.4832145068200427,0.012162243125037442,0.017622727357206883
Acurácia,600,0.4914371684008015,0.49249096319373714,0.00768961938476153,0.4711720887504244,0.48599544664789407,0.49636031394164515,0.5086373894114593,0.010364867293751079,0.015613726837304106
Acurácia,700,0.5125070730067435,0.5126315579254288,0.00711366110942421,0.4965750004992711,0.5079434026321571,0.5156072134683363,0.529686657480079,0.007663810836179175,0.013876752192814208
Acurácia,800,0.529443013200727,0.5315838875242147,0.009493244140049933,0.507618876440397,0.5237403391049068,0.5368761608052244,0.5438260140195315,0.013135821700317574,0.01785841208695229
Acurácia,900,0.5462125297066283,0.5468915383540032,0.005394485603601788,0.5338405927346075,0.5435763784874084,0.5498322449224133,0.556627324106804,0.006255866435004975,0.009863903928690942
Acurácia,1000,0.558521225677178,0.5590138397939008,0.0066115899733878575,0.5423282008267929,0.5551994088630599,0.5643160984961956,0.5684300920655843,0.009116689633135722,0.011827238416848863
Acurácia,2000,0.6403737210339571,0.6411439298624009,0.004077023753020514,0.6329958260939029,0.6366405048629002,0.6430860943023186,0.6484133165578255,0.006445589439418309,0.006358983617822789
Acurácia,3000,0.678713078904799,0.6782098136720389,0.0043988016079119854,0.6705210392826473,0.6753140414994109,0.6817696163601142,0.6872566053561799,0.006455574860703361,0.006485900841820033
Acurácia,4000,0.705128512371937,0.7052802907754678,0.0029522876584178763,0.6980808020290376,0.7034629441016116,0.7066632716234298,0.7136380883909492,0.0032003275218182026,0.004185977820230603
Acurácia,5000,0.7209900212356626,0.7212369939887764,0.002763365527614958,0.7134184091226808,0.7187855730633275,0.7233788668543926,0.7257004773031375,0.004593293791065101,0.0038314251027264075
Acurácia,6000,0.7356752474720242,0.7355061610049327,0.003892803334124138,0.7274579114492841,0.7320961396361313,0.7381822539092924,0.7463503285203603,0.006086114273161081,0.005292686227825282
Acurácia,7000,0.7465160865136901,0.7470692788528748,0.002585338687357715,0.7406386675453838,0.7443782078165878,0.7480178938749426,0.7507838555708666,0.003639686058354741,0.003460641144107629
Acurácia,8000,0.7547906722851304,0.7551774409362331,0.003002264424339332,0.7481277335090768,0.7526311585085775,0.757359255486989,0.7600103848381363,0.004728096978411478,0.003975574822046714
Acurácia,9000,0.762917473821554,0.7621772212569649,0.0028648322345436812,0.7575939128871847,0.7608791164899247,0.765117927825375,0.7688374972540092,0.004238811335450343,0.0037587481636624075
Acurácia,10000,0.7691603592088884,0.7693167974756855,0.0025074733748675425,0.7650829788508777,0.7670451141333653,0.7709693846983404,0.774109799692449,0.00392427056497513,0.0032593508679854884
Acurácia,20000,0.8064246200547202,0.8065424480258823,0.0021236185376576227,0.801849300021968,0.8053242266291214,0.8078605236354922,0.811555129510914,0.0025362970063708135,0.002632990415101481
Acurácia,30000,0.8260812547014692,0.8260339903740539,0.0013107669629260981,0.8236574601082419,0.8253200327521818,0.8269476564216244,0.8286901124358437,0.0016276236694425794,0.001586819642549724
Acurácia,40000,0.8380091732736871,0.8379565833882532,0.0013682224463536126,0.8347812194196473,0.8370479100513251,0.838690511852695,0.8416312184211052,0.0016426018013699917,0.0016328082765200513
Acurácia,50000,0.8472203915616533,0.8469434625446848,0.0017728201995263423,0.8431290316138438,0.8463093882930921,0.8481616839414455,0.851776406446588,0.0018522956483534303,0.0020931978057975864
Acurácia,60000,0.8534745937597774,0.8536037385417291,0.0011397263595685017,0.8513969604377609,0.8526601162303038,0.8540081481037685,0.8558704291734068,0.0013480318734646612,0.0013351937283924999
Acurácia,70000,0.8586756668597181,0.8586264054480458,0.0011008006451204949,0.8564895252930721,0.8578575280091068,0.8594402172827672,0.8613424400375452,0.0015826892736604536,0.0012820484402224154
Acurácia,80000,0.8635572064785413,0.8634593493499491,0.0011696440293186687,0.8613823817226849,0.8627503844387195,0.8643131028698101,0.8665148882631358,0.0015627184310905706,0.00135460230854484
Acurácia,90000,0.8674135761787789,0.8674635032852036,0.0011889174350290465,0.8653965210792244,0.8664549757354263,0.8679228326643101,0.8703093483514069,0.0014678569288838483,0.0013705676713266725
Acurácia,100000,0.8709404269766142,0.8708785173646476,0.0008942404761847709,0.8691110977972161,0.8703492900365466,0.8715425478800951,0.8725660535617997,0.001193257843548512,0.0010268257366871246
Acurácia,110000,0.8739154168247691,0.8741337647035328,0.001081681255739482,0.872006869969844,0.8730353683621912,0.8746180576358517,0.8756415633175564,0.0015826892736604536,0.001237432185071707
Acurácia,120000,0.8764816700949947,0.8765702074970543,0.0008409685482031995,0.8748627004573323,0.875756395662333,0.8769596389271663,0.8781179477962175,0.0012032432648333424,0.000959385272338999
Acurácia,130000,0.8788948135721846,0.8789966648692908,0.000768174605534304,0.877259201565714,0.8783625906176982,0.8793960817206878,0.8804145946917501,0.0010334911029896698,0.0008739220924969169
Acurácia,140000,0.8812154254788009,0.8812234138158289,0.0006711110993944553,0.879775527729515,0.8808689313602142,0.8817226848800751,0.8827112415872825,0.0008537535198609447,0.0007615674846028847
Acurácia,150000,0.8831852162509403,0.8831506001238192,0.000534536005501283,0.8817726119864997,0.8829409062768359,0.8835100752900764,0.8841092005671719,0.0005691690132405558,0.0006052603087413176
Acurácia,160000,0.8849233452492694,0.884888063427396,0.0005421679705217138,0.8839294629840433,0.8845685299462784,0.8852425458830108,0.8860264014538773,0.0006740159367323306,0.0006126966701404729
Acurácia,170000,0.8864551088743767,0.8865057016755538,0.0004846854337760158,0.8854871887044914,0.8861262556667266,0.8866554829948275,0.8876839813871747,0.0005292273281009008,0.0005467369609842234
Acurácia,180000,0.8880301426583854,0.888033471132147,0.0004255350228236922,0.8870049727398,0.8878437481277335,0.8881982305833483,0.8889221736265053,0.00035448245561486846,0.000479188044344762
Acurácia,190000,0.8894640491549005,0.8895212989036008,0.0003651964413631207,0.8887823777285163,0.8892417071076228,0.8896960437760869,0.8902003075509756,0.0004543366684640615,0.00041055390287191305
Acurácia,200000,0.8908380431237061,0.8908293890919258,8.774849870243166e-05,0.8906995786152218,0.8907844546961436,0.8908793161983504,0.8911189663091886,9.486150220672229e-05,9.850202483034018e-05
F1-Macro,10,0.0036265686395571565,0.0034828993732340862,0.001076525985655506,0.002143391243009415,0.002864437193651939,0.003964518312395176,0.006715072301526258,0.0011000811187432367,0.30908894033505924
F1-Macro,20,0.007815959132726692,0.008060591401974269,0.0014101849226731639,0.005367644521932452,0.0065573703273614755,0.00892808759562599,0.01012583895660527,0.0023707172682645153,0.17494805001277194
F1-Macro,30,0.011692649462744953,0.011594260375712689,0.0017129546405109796,0.008955765746818384,0.01036294087871727,0.01311011554031717,0.01468654135752166,0.0027471746615998997,0.14774159258641742
F1-Macro,40,0.01510195085834727,0.015274471832481335,0.0015069981470672948,0.01116064878095286,0.014261483233231221,0.015789149042752068,0.01817410618652348,0.0015276658095208472,0.09866122147683203
F1-Macro,50,0.018254155837094773,0.018068032881250563,0.002268359955262735,0.01404581900238593,0.01657909639111076,0.019857310019410553,0.02278077528160812,0.0032782136282997927,0.1255454782834253
F1-Macro,60,0.02135833454285653,0.02167475837357544,0.002273937627879275,0.01664042498880826,0.019659135745091802,0.02302219361660407,0.02566803107221981,0.0033630578715122678,0.10491178188817739
F1-Macro,70,0.024036336741302792,0.023679941835162685,0.0019172928809994506,0.02082853030164609,0.02293648769312532,0.02516179651843633,0.02881099114731332,0.0022253088253110093,0.08096695563607675
F1-Macro,80,0.027846512614913208,0.027091002023649252,0.0026314026135275206,0.02318453634573694,0.026114816808760183,0.029265881226227773,0.03637344674421927,0.0031510644174675903,0.09713197445035247
F1-Macro,90,0.03128241196309377,0.031189157018914445,0.0026153437190885864,0.02747906108061187,0.02901970550127549,0.03307466556954833,0.03816859425455433,0.004054960068272839,0.08385425850555278
F1-Macro,100,0.034341778873512425,0.03462486374670508,0.0026136683138927416,0.02958932328683418,0.032846457858694465,0.03542253683953703,0.04113533637301298,0.0025760789808425624,0.07548530031850767
F1-Macro,200,0.06164549473635113,0.06250462070534522,0.0039748390078890765,0.0538025610538627,0.05839582212594078,0.06407667404727616,0.06848508591143664,0.005680851921335377,0.06359272161708258
F1-Macro,300,0.08384265994346848,0.08466017103508885,0.0036362053731958887,0.07752471814013959,0.08094008969027863,0.08646001160730912,0.09021510972907303,0.00551992191703049,0.042950602222835095
F1-Macro,400,0.10327366617098492,0.1038101517819731,0.0054852223317363655,0.09460764829852754,0.09808909857345247,0.10775581403182442,0.1134502536284319,0.009666715458371958,0.05283897754448627
F1-Macro,500,0.11942207612554528,0.12019134384426275,0.004416270542792989,0.1088414354975199,0.11597934154155486,0.12246641609278107,0.1273928720762174,0.006487074551226213,0.036743665265709
F1-Macro,600,0.134566789870688,0.1344413625132761,0.003952670797147005,0.1282780887626922,0.1307764169238489,0.13778517528787415,0.1413706549155522,0.007008758364025258,0.029400704469623132
F1-Macro,700,0.14720872985936015,0.1475864320556125,0.005959717579763386,0.1339181933419463,0.14365904604184765,0.15211547364676647,0.1623590511612878,0.008456427604918826,0.040381202095437094
F1-Macro,800,0.15837836659612375,0.15787611767784435,0.005654948742284283,0.148828922789647,0.15391476589219152,0.16231925317759022,0.1687516260750363,0.008404487285398693,0.035818898954714885
F1-Macro,900,0.16801919578399824,0.16810711144054055,0.005627253828647883,0.1578622566854826,0.1649436866761455,0.17300126203704153,0.1788606713229633,0.008057575360896019,0.03347421621222744
F1-Macro,1000,0.17772823515384256,0.1760366249111408,0.007950712264380985,0.1626519067251169,0.17237902310318287,0.18549240929865496,0.190695081328785,0.013113386195472088,0.045165102564476096
F1-Macro,2000,0.2514228961709291,0.2517562416816739,0.006270829599313602,0.2393575360770182,0.24804684085441586,0.25525434592205115,0.2672178931359112,0.007207505067635289,0.024908338051591337
F1-Macro,3000,0.295356974266601,0.29540940063915055,0.004972233632055069,0.2865205989590655,0.29187837462755045,0.29789683750481355,0.3055566778890876,0.006018462877263098,0.016831670232786863
F1-Macro,4000,0.3275393799154852,0.32668146462580083,0.005154774820547157,0.3161957561727591,0.32429904759464845,0.33102938288861394,0.3398975969672689,0.006730335293965495,0.015779208075586765
F1-Macro,5000,0.34960346491113165,0.34775119189260084,0.005880562924761777,0.341132597354456,0.34472655044979383,0.3536091219482762,0.3626503408993382,0.008882571498482372,0.016910259533107985
F1-Macro,6000,0.37321768304265096,0.3736794123717996,0.008160380529839483,0.3578885748411696,0.36865103917510056,0.3790651466819765,0.389799051964309,0.010414107506875936,0.02183791838090945
F1-Macro,7000,0.3932101857011547,0.39347148142769073,0.006511315005841764,0.3791352774887339,0.3895866499254299,0.3967202087565416,0.4055298170083822,0.007133558831111719,0.016548378463586276
F1-Macro,8000,0.40595793497770727,0.4056667015078144,0.006743173820418539,0.3903417323059156,0.40176856038242326,0.4106629829869789,0.4210527265738833,0.00889442260455564,0.016622448376296412
F1-Macro,9000,0.41962591192377835,0.41976823136622743,0.006718511362168435,0.4064860229271216,0.4151807850911068,0.4259143598117013,0.429211730079828,0.010733574720594496,0.016005287785348318
F1-Macro,10000,0.43330849782039704,0.43235664799118323,0.006399240524373824,0.4183437755147134,0.42934641310725996,0.4381354487727164,0.4456064382110688,0.008789035665456413,0.014800837547670788
F1-Macro,20000,0.5033859452024483,0.502902794644627,0.00702419871766707,0.4875067445846406,0.4998750144555528,0.5078736403330907,0.5165890029161267,0.007998625877537857,0.013967308948170325
F1-Macro,30000,0.5485952882455505,0.5479814075353185,0.007709400240743518,0.5358347369799356,0.5422533205792619,0.5539560980635689,0.5654131789645127,0.011702777484307036,0.014068725910518972
F1-Macro,40000,0.5739085826296928,0.5751811267625113,0.006536690725998933,0.5577848898682032,0.5693534285359474,0.5789007467071294,0.5836801853391957,0.00954731817118204,0.011364577887711733
F1-Macro,50000,0.5948571764642663,0.5939851066346868,0.007111378240224472,0.5837264068392096,0.5898856135749391,0.5980821000355089,0.6130274512182587,0.008196486460569807,0.011972317401260701
F1-Macro,60000,0.6120224804511285,0.6125137050529187,0.005990235853378673,0.6013402461010385,0.6066843182736963,0.6158398894241517,0.6237112506735787,0.0091555711504554,0.009779758059587227
F1-Macro,70000,0.6245698444656063,0.6236747822812347,0.0060680396390899215,0.6120819454231867,0.6216787591581777,0.6270694196048601,0.64188276114596,0.005390660446682349,0.00972949332208875
F1-Macro,80000,0.6354133357537567,0.6343413053148491,0.00573249797421579,0.6268935024641621,0.6311618013725834,0.6406402884431681,0.65061545178981,0.00947848707058474,0.009036929988870252
F1-Macro,90000,0.6452324352482534,0.6458369785388418,0.005139428464188979,0.636913906622777,0.6410742296973114,0.6487150488848638,0.6546611359627379,0.007640819187552328,0.007957779791207951
F1-Macro,100000,0.6543990635304344,0.653358991806235,0.005733908324295443,0.6404629799758766,0.6515510919976817,0.6570714721758525,0.6657096483831367,0.005520380178170803,0.008776045615700178
F1-Macro,110000,0.6611750949499233,0.6606406393674134,0.005958509024901522,0.6476902742862878,0.6567963838159506,0.6656534765206883,0.6738580596610172,0.008857092704737668,0.009019289248671887
F1-Macro,120000,0.6695808564747677,0.6691164080356897,0.004144873135386349,0.6615598730434775,0.6669524752389927,0.6719378693309749,0.6770598300220113,0.004985394091982176,0.006194547136214781
F1-Macro,130000,0.6753758554062302,0.676069759197936,0.004444601978897442,0.667602137058532,0.6722864229820655,0.6785797750985583,0.6848482180955526,0.006293352116492734,0.006574176572542123
F1-Macro,140000,0.6794296799122844,0.6788767755586483,0.003991679662546762,0.6713726511071275,0.6765841073945014,0.6831767541461737,0.6858691817594059,0.006592646751672371,0.005879829448256166
F1-Macro,150000,0.684893973369998,0.6850237533134154,0.0034384825572988066,0.6774760295160676,0.682309488257691,0.6877597552943898,0.6903535494163247,0.005450267036698819,0.005019508499738267
F1-Macro,160000,0.6887517897777612,0.688244842562051,0.0037027811374645394,0.6817601024133193,0.6867849608042301,0.6909932529355615,0.7004290024617383,0.004208292131331337,0.0053800346956478185
F1-Macro,170000,0.693007277949744,0.6931404461034293,0.002941575780458354,0.6877231574055747,0.6903455721705469,0.6954659583363794,0.6988892707532675,0.005120386165832436,0.004243838016885223
F1-Macro,180000,0.6982887538565957,0.6986779220431273,0.0029638223504926853,0.6921193541010103,0.6962567068190012,0.7003348170965706,0.7038083608389003,0.0040781102775694356,0.0042420437983550505
F1-Macro,190000,0.7008536356567553,0.7006148809884678,0.002354805392966725,0.6946107774416657,0.6997916044818968,0.7017594281572547,0.7063993785421506,0.0019678236753578604,0.0033610553436766496
F1-Macro,200000,0.7042689862979796,0.7042741081797115,0.00025652951806099235,0.703674970046073,0.7041202038778711,0.7044486896620734,0.7047137659615593,0.0003284857842023037,0.00036424669701372347
