generation,individual_id,l0_size,accuracy_on_full,f1_macro_on_full,num_tokens,num_distinct_tokens,num_classes_in_l0,most_frequent_class_in_l0,l0_indices_hash,fitness_calc_time_sec
1,0,1000,0.569796,0.184507,5499,2570,257,biscoito,1d071ac277,3.2783
1,1,1000,0.561348,0.182806,5499,2534,258,biscoito,92d06c8290,3.2834
1,2,1000,0.562682,0.181304,5493,2532,262,biscoito,6c57843f6e,3.2833
1,3,1000,0.570918,0.192721,5526,2569,261,biscoito,73be56a642,3.2531
1,4,1000,0.562119,0.173369,5512,2550,256,biscoito,437d8525b4,3.3223
1,5,1000,0.574745,0.188684,5559,2562,262,biscoito,ae707b2bbf,3.4360
1,6,1000,0.561908,0.179826,5455,2551,262,biscoito,41dbd66a82,3.2609
1,7,1000,0.558988,0.176043,5554,2616,265,biscoito,e33374d82f,3.2557
1,8,1000,0.560729,0.186359,5465,2582,261,biscoito,eec08765eb,3.2769
1,9,1000,0.564560,0.179653,5505,2606,253,biscoito,c087fbd627,3.2556
1,10,1000,0.568977,0.183010,5404,2540,262,biscoito,56c7aa222b,3.3460
1,11,1000,0.572065,0.181918,5510,2585,249,biscoito,aa1573dc7f,3.2755
1,12,1000,0.565774,0.183002,5426,2602,261,biscoito,7912100ba7,3.3532
1,13,1000,0.556747,0.180133,5525,2549,245,biscoito,5d48dc0c26,3.2355
1,14,1000,0.567296,0.183446,5490,2561,255,biscoito,80ff87a1cb,3.3018
1,15,1000,0.571394,0.186133,5474,2581,255,biscoito,6ef55cd7fb,3.3869
1,16,1000,0.554003,0.175043,5474,2581,253,biscoito,3b039d758c,3.3923
1,17,1000,0.575152,0.187529,5548,2545,263,biscoito,e8d28e10a0,3.3580
1,18,1000,0.567328,0.181900,5561,2513,256,biscoito,d4b0a1bcd8,3.3562
1,19,1000,0.558764,0.173543,5441,2568,256,biscoito,0eb904a2d9,3.5059
2,0,1000,0.562119,0.173369,5512,2550,256,biscoito,437d8525b4,3.3223
2,1,1000,0.558764,0.173543,5441,2568,256,biscoito,0eb904a2d9,3.5059
2,2,1000,0.558469,0.179478,5529,2588,265,biscoito,c0372a462e,3.3396
2,3,1000,0.573227,0.177608,5472,2495,248,biscoito,2141482370,3.5612
2,4,1000,0.557554,0.179927,5494,2502,255,biscoito,8d2f0e5a98,3.2545
2,5,1000,0.563098,0.177332,5507,2583,254,biscoito,0f452ef90e,3.2897
2,6,1000,0.560981,0.179523,5486,2539,262,biscoito,bbc3ecbc08,3.3574
2,7,1000,0.559048,0.180550,5532,2552,255,biscoito,58d182f5be,3.4298
2,8,1000,0.568466,0.175539,5534,2551,247,biscoito,3ae49c8991,3.2298
2,9,1000,0.568706,0.183830,5482,2509,262,biscoito,a89805a827,3.1493
2,10,1000,0.562119,0.173369,5512,2550,256,biscoito,437d8525b4,3.3223
2,11,1000,0.561380,0.179407,5480,2557,262,biscoito,77a31d996b,3.3244
2,12,1000,0.560594,0.177845,5427,2603,261,biscoito,792be1ae88,3.1943
2,13,1000,0.573451,0.179983,5514,2547,252,biscoito,c6c6a02949,3.3080
2,14,1000,0.561864,0.183335,5501,2536,259,biscoito,7199860d0b,3.4313
2,15,1000,0.558193,0.173060,5439,2563,254,biscoito,eb8686adc8,3.3192
2,16,1000,0.558393,0.182268,5533,2539,257,biscoito,0ad0146b03,3.3459
2,17,1000,0.553388,0.171363,5473,2530,255,biscoito,2228496ff8,3.2336
2,18,1000,0.564528,0.184696,5554,2606,265,biscoito,cd8cbba25d,3.3346
2,19,1000,0.558425,0.171679,5475,2553,250,biscoito,ee2e5c7c4f,3.5513
3,0,1000,0.553388,0.171363,5473,2530,255,biscoito,2228496ff8,3.2336
3,1,1000,0.558425,0.171679,5475,2553,250,biscoito,ee2e5c7c4f,3.5513
3,2,1000,0.569708,0.184517,5491,2529,258,biscoito,14f0a8178c,3.5649
3,3,1000,0.564731,0.168418,5555,2538,242,biscoito,429f6d152c,3.2812
3,4,1000,0.558193,0.173060,5439,2563,254,biscoito,eb8686adc8,3.3192
3,5,1000,0.558193,0.173060,5439,2563,254,biscoito,eb8686adc8,3.3192
3,6,1000,0.563098,0.177332,5507,2583,254,biscoito,0f452ef90e,3.2897
3,7,1000,0.564672,0.179645,5525,2560,256,biscoito,843ef1f642,3.2403
3,8,1000,0.568682,0.178305,5522,2540,249,biscoito,a7e8803723,3.3678
3,9,1000,0.557594,0.171591,5487,2561,249,biscoito,fbb46120c7,3.2600
3,10,1000,0.559970,0.175176,5480,2561,245,biscoito,c873f574e5,3.3056
3,11,1000,0.557566,0.176270,5472,2534,260,biscoito,2d9cf95424,3.3987
3,12,1000,0.561384,0.173841,5436,2569,251,biscoito,4fb107f991,3.6596
3,13,1000,0.565986,0.173799,5537,2550,247,biscoito,4e5b732c06,3.2186
3,14,1000,0.558992,0.173035,5491,2533,247,biscoito,4f4cb47a37,3.3926
3,15,1000,0.563290,0.179368,5502,2590,255,biscoito,2798d020f1,3.4102
3,16,1000,0.555753,0.170425,5525,2551,255,biscoito,c79fa8df67,3.4265
3,17,1000,0.558764,0.173543,5441,2568,256,biscoito,0eb904a2d9,3.5059
3,18,1000,0.566425,0.175724,5523,2568,246,biscoito,5a4ed4a403,3.4464
3,19,1000,0.562483,0.173137,5472,2555,248,biscoito,fced9feffb,3.2582
4,0,1000,0.564731,0.168418,5555,2538,242,biscoito,429f6d152c,3.2812
4,1,1000,0.555753,0.170425,5525,2551,255,biscoito,c79fa8df67,3.4265
4,2,1000,0.552210,0.172422,5479,2541,249,biscoito,5f497c9d0b,3.2420
4,3,1000,0.561045,0.171151,5533,2572,251,biscoito,833a79fba3,3.3033
4,4,1000,0.555753,0.170425,5525,2551,255,biscoito,c79fa8df67,3.4265
4,5,1000,0.555753,0.170425,5525,2551,255,biscoito,c79fa8df67,3.4265
4,6,1000,0.561480,0.172065,5445,2567,245,biscoito,3c8501a254,3.3165
4,7,1000,0.552685,0.170331,5512,2522,257,biscoito,98a6b0fc2a,3.4181
4,8,1000,0.549530,0.175123,5403,2537,253,biscoito,4e92e1e666,3.4728
4,9,1000,0.567807,0.172795,5545,2568,246,biscoito,4ba8b5736d,3.2077
4,10,1000,0.557087,0.175394,5430,2545,252,biscoito,e12dd448e1,3.2203
4,11,1000,0.562511,0.176241,5511,2551,251,biscoito,1bb7b031dd,3.1752
4,12,1000,0.561141,0.169365,5495,2549,236,biscoito,07e6c14c75,3.1634
4,13,1000,0.561728,0.167651,5531,2553,242,biscoito,12d712263e,3.1914
4,14,1000,0.554838,0.175699,5491,2533,262,biscoito,f51ec8adfa,3.1752
4,15,1000,0.561664,0.169720,5473,2563,250,biscoito,77b73ff75a,3.1949
4,16,1000,0.563158,0.171398,5519,2571,246,biscoito,243b84f81a,3.2174
4,17,1000,0.561708,0.177041,5447,2546,252,biscoito,4401c61975,3.2018
4,18,1000,0.566425,0.175724,5523,2568,246,biscoito,5a4ed4a403,3.4464
4,19,1000,0.564731,0.168418,5555,2538,242,biscoito,429f6d152c,3.2812
5,0,1000,0.561728,0.167651,5531,2553,242,biscoito,12d712263e,3.1914
5,1,1000,0.564731,0.168418,5555,2538,242,biscoito,429f6d152c,3.2812
5,2,1000,0.557933,0.172554,5463,2548,254,biscoito,302c3205bf,3.1977
5,3,1000,0.549234,0.164314,5510,2514,251,biscoito,9b98d44f8f,3.1489
5,4,1000,0.555189,0.162213,5479,2566,251,biscoito,00446bd10a,3.1636
5,5,1000,0.552689,0.174313,5517,2514,253,biscoito,3664ca7d56,3.1885
5,6,1000,0.551499,0.164525,5526,2559,248,biscoito,f9e31edfb8,3.1636
5,7,1000,0.559883,0.169967,5575,2531,244,biscoito,8664ddf5ae,3.1578
5,8,1000,0.567136,0.174822,5552,2547,252,biscoito,a7a2142dcf,3.1781
5,9,1000,0.555856,0.164898,5519,2514,246,biscoito,316f8bd8c4,3.1557
5,10,1000,0.553045,0.174326,5514,2543,261,biscoito,7d7e11f3ef,3.2606
5,11,1000,0.561728,0.167651,5531,2553,242,biscoito,12d712263e,3.1914
5,12,1000,0.559695,0.166642,5473,2540,241,biscoito,27e002213f,3.1632
5,13,1000,0.564684,0.175768,5522,2575,255,biscoito,baa8639071,3.1723
5,14,1000,0.555157,0.172127,5505,2541,252,biscoito,68849bb751,3.1765
5,15,1000,0.562335,0.169510,5542,2539,247,biscoito,390333dc6c,3.1548
5,16,1000,0.567891,0.170868,5476,2573,248,biscoito,ddc84a04b7,3.1488
5,17,1000,0.561572,0.170992,5525,2560,251,biscoito,9c171f61a7,3.1920
5,18,1000,0.549330,0.165306,5515,2534,248,biscoito,17eb371d00,3.1763
5,19,1000,0.564056,0.167283,5558,2545,240,biscoito,b16f3462b8,3.1432
6,0,1000,0.555189,0.162213,5479,2566,251,biscoito,00446bd10a,3.1636
6,1,1000,0.549234,0.164314,5510,2514,251,biscoito,9b98d44f8f,3.1489
6,2,1000,0.552689,0.174313,5517,2514,253,biscoito,3664ca7d56,3.1885
6,3,1000,0.547784,0.167067,5511,2530,249,biscoito,a55f019e3a,3.1573
6,4,1000,0.561728,0.167651,5531,2553,242,biscoito,12d712263e,3.1914
6,5,1000,0.561728,0.167651,5531,2553,242,biscoito,12d712263e,3.1914
6,6,1000,0.548204,0.164472,5513,2542,248,biscoito,f3a9bbbe62,3.2103
6,7,1000,0.554806,0.163870,5483,2561,252,biscoito,89c887abb5,3.1612
6,8,1000,0.547900,0.161003,5539,2513,250,biscoito,60fea2ffe7,3.1568
6,9,1000,0.567292,0.168318,5541,2563,239,biscoito,ab664977cd,3.1511
6,10,1000,0.564148,0.167188,5551,2536,242,biscoito,936c7c88c6,3.1553
6,11,1000,0.563765,0.169375,5543,2536,246,biscoito,02b95ff29f,3.1335
6,12,1000,0.565558,0.172287,5551,2539,244,biscoito,80ed27b9dc,3.1338
6,13,1000,0.563497,0.171132,5555,2565,254,biscoito,cc3d7e2beb,3.1607
6,14,1000,0.556440,0.163569,5521,2519,242,biscoito,180e9a3e26,3.1642
6,15,1000,0.555856,0.164898,5519,2514,246,biscoito,316f8bd8c4,3.1557
6,16,1000,0.561928,0.162421,5488,2571,243,biscoito,ee16d1a58b,3.1524
6,17,1000,0.557874,0.171269,5521,2557,250,biscoito,a7148df06e,3.1696
6,18,1000,0.556324,0.164456,5538,2520,236,biscoito,845e83c721,3.1656
6,19,1000,0.558932,0.165979,5535,2583,248,biscoito,e3bd4cc8f3,3.1909
7,0,1000,0.547900,0.161003,5539,2513,250,biscoito,60fea2ffe7,3.1568
7,1,1000,0.555189,0.162213,5479,2566,251,biscoito,00446bd10a,3.1636
7,2,1000,0.561928,0.162421,5488,2571,243,biscoito,ee16d1a58b,3.1524
7,3,1000,0.555189,0.162213,5479,2566,251,biscoito,00446bd10a,3.1636
7,4,1000,0.557562,0.165341,5521,2578,248,biscoito,cc12a6eb18,3.1362
7,5,1000,0.550664,0.167622,5525,2569,252,biscoito,bb2f4edef0,3.2046
7,6,1000,0.553851,0.165555,5514,2589,249,biscoito,9b5cbb0016,3.1742
7,7,1000,0.551619,0.161145,5501,2510,252,biscoito,19d88cb189,3.1523
7,8,1000,0.556324,0.164456,5538,2520,236,biscoito,845e83c721,3.1656
7,9,1000,0.561928,0.162421,5488,2571,243,biscoito,ee16d1a58b,3.1524
7,10,1000,0.555161,0.162232,5484,2560,251,biscoito,46a84ec61f,3.1998
7,11,1000,0.553752,0.162174,5491,2562,250,biscoito,ed6032c91e,3.2088
7,12,1000,0.551615,0.169464,5512,2546,252,biscoito,00deaf644a,3.2007
7,13,1000,0.552669,0.163741,5477,2556,252,biscoito,63abd96c46,3.1575
7,14,1000,0.547900,0.161003,5539,2513,250,biscoito,60fea2ffe7,3.1568
7,15,1000,0.547900,0.161003,5539,2513,250,biscoito,60fea2ffe7,3.1568
7,16,1000,0.565091,0.166644,5526,2588,236,biscoito,13ecbb5a45,3.1320
7,17,1000,0.558093,0.169696,5494,2564,257,biscoito,db9f31f44e,3.1765
7,18,1000,0.545595,0.159943,5528,2521,248,biscoito,66f49f68fb,3.2233
7,19,1000,0.555066,0.168306,5553,2519,246,biscoito,5dcc97b5d3,3.1063
8,0,1000,0.545595,0.159943,5528,2521,248,biscoito,66f49f68fb,3.2233
8,1,1000,0.547900,0.161003,5539,2513,250,biscoito,60fea2ffe7,3.1568
8,2,1000,0.552601,0.166783,5537,2547,257,biscoito,12280c645a,3.1934
8,3,1000,0.552413,0.160117,5474,2543,246,biscoito,664b7f7162,3.2255
8,4,1000,0.553420,0.165120,5511,2502,254,biscoito,4f0806c3f6,3.1633
8,5,1000,0.539381,0.158565,5521,2505,247,biscoito,2bd8f283f3,3.1994
8,6,1000,0.547149,0.159798,5542,2511,248,biscoito,fedeeda418,3.1647
8,7,1000,0.548100,0.160433,5525,2513,247,biscoito,afd84f8cad,3.2099
8,8,1000,0.560945,0.170341,5480,2599,252,biscoito,c7beaa9852,3.1813
8,9,1000,0.549713,0.161366,5498,2466,246,biscoito,8534550643,3.1427
8,10,1000,0.558477,0.166032,5482,2566,248,biscoito,e3b7093504,3.1658
8,11,1000,0.553352,0.161191,5490,2563,250,biscoito,e0762b9741,3.1062
8,12,1000,0.554259,0.161974,5482,2560,251,biscoito,898df97285,3.1255
8,13,1000,0.549254,0.154490,5565,2490,239,biscoito,429b4709d8,3.1732
8,14,1000,0.546418,0.160037,5526,2521,250,biscoito,45b1e09c2d,3.2018
8,15,1000,0.545476,0.160000,5557,2525,248,biscoito,abf43f023c,3.1929
8,16,1000,0.548467,0.161193,5545,2514,250,biscoito,027a72946e,3.2083
8,17,1000,0.545168,0.159974,5530,2526,248,biscoito,a3ad5f4943,3.1393
8,18,1000,0.554762,0.165407,5489,2562,250,biscoito,53b95c88c0,3.1458
8,19,1000,0.556843,0.164684,5503,2579,251,biscoito,55536ef2db,3.1186
9,0,1000,0.549254,0.154490,5565,2490,239,biscoito,429b4709d8,3.1732
9,1,1000,0.539381,0.158565,5521,2505,247,biscoito,2bd8f283f3,3.1994
9,2,1000,0.549202,0.162324,5538,2526,251,biscoito,e48009ad2d,3.1931
9,3,1000,0.546650,0.160459,5531,2540,249,biscoito,f25e7670e9,3.1650
9,4,1000,0.545288,0.158948,5550,2528,247,biscoito,1085fa71ae,3.1860
9,5,1000,0.549937,0.155710,5575,2491,242,biscoito,2dbf7d63f0,3.1893
9,6,1000,0.551687,0.155588,5565,2481,240,biscoito,70653ec38e,3.2329
9,7,1000,0.549278,0.161100,5544,2512,248,biscoito,5ee4d77b07,3.1761
9,8,1000,0.546418,0.160037,5526,2521,250,biscoito,45b1e09c2d,3.2018
9,9,1000,0.548455,0.155163,5564,2483,238,biscoito,8e53e53bb2,3.2657
9,10,1000,0.549550,0.156986,5547,2496,243,biscoito,3ff2ae3b67,3.1900
9,11,1000,0.552226,0.159710,5558,2514,245,biscoito,4b39d1bffc,3.1717
9,12,1000,0.545052,0.159405,5532,2520,246,biscoito,9f0f69287e,3.1556
9,13,1000,0.540203,0.160831,5530,2533,251,biscoito,08d3fc6cca,3.1440
9,14,1000,0.554570,0.164997,5476,2519,245,biscoito,a79b420c17,3.2081
9,15,1000,0.556767,0.165718,5514,2529,251,biscoito,0e45c00cea,3.1994
9,16,1000,0.536133,0.160529,5528,2475,247,biscoito,a3e83550e0,3.1326
9,17,1000,0.542899,0.158018,5536,2510,248,biscoito,6818b7b12e,3.1905
9,18,1000,0.540970,0.159192,5529,2488,244,biscoito,bcb8d25092,3.2124
9,19,1000,0.546482,0.161701,5528,2541,251,biscoito,2d5b0c5088,3.1865
10,0,1000,0.549254,0.154490,5565,2490,239,biscoito,429b4709d8,3.1732
10,1,1000,0.548455,0.155163,5564,2483,238,biscoito,8e53e53bb2,3.2657
10,2,1000,0.547632,0.155659,5566,2483,243,biscoito,2b5a246508,3.2028
10,3,1000,0.547960,0.155599,5572,2501,240,biscoito,c1a5a22b52,3.1542
10,4,1000,0.549266,0.157399,5582,2508,245,biscoito,a0919fe136,3.1386
10,5,1000,0.549366,0.155756,5571,2495,242,biscoito,a820825c3c,3.1818
10,6,1000,0.552649,0.159269,5527,2494,240,biscoito,7d66f9c00d,3.1400
10,7,1000,0.545204,0.155075,5564,2482,241,biscoito,6bffed27b7,3.2581
10,8,1000,0.551687,0.155588,5565,2481,240,biscoito,70653ec38e,3.2329
10,9,1000,0.539381,0.158565,5521,2505,247,biscoito,2bd8f283f3,3.1994
10,10,1000,0.546650,0.160459,5531,2540,249,biscoito,f25e7670e9,3.1650
10,11,1000,0.553867,0.155151,5562,2498,236,biscoito,70911ba757,3.3254
10,12,1000,0.552889,0.156813,5573,2488,242,biscoito,6dc81dcc78,3.1867
10,13,1000,0.548699,0.154565,5568,2487,240,biscoito,814df15805,3.2021
10,14,1000,0.548359,0.161270,5550,2518,247,biscoito,12ea460c12,3.1707
10,15,1000,0.545248,0.158171,5542,2510,246,biscoito,f4b4249a04,3.2558
10,16,1000,0.552002,0.162124,5552,2525,249,biscoito,fee9394727,3.2173
10,17,1000,0.542831,0.154726,5525,2469,240,biscoito,e1f1749c3a,3.1387
10,18,1000,0.549550,0.156986,5547,2496,243,biscoito,3ff2ae3b67,3.1900
10,19,1000,0.542899,0.158018,5536,2510,248,biscoito,6818b7b12e,3.1905
11,0,1000,0.549254,0.154490,5565,2490,239,biscoito,429b4709d8,3.1732
11,1,1000,0.548699,0.154565,5568,2487,240,biscoito,814df15805,3.2021
11,2,1000,0.552889,0.156813,5573,2488,242,biscoito,6dc81dcc78,3.1867
11,3,1000,0.548699,0.154565,5568,2487,240,biscoito,814df15805,3.2021
11,4,1000,0.549917,0.155533,5564,2482,241,biscoito,6e55aa4e2c,3.1009
11,5,1000,0.551730,0.154904,5565,2488,239,biscoito,d0cb4adc5c,3.1816
11,6,1000,0.544653,0.153885,5559,2479,243,biscoito,7bccc9464d,3.1550
11,7,1000,0.546973,0.159209,5548,2515,246,biscoito,4727871709,3.2148
11,8,1000,0.548851,0.153928,5566,2493,237,biscoito,fb5dc51b9a,3.1747
11,9,1000,0.554163,0.155752,5561,2496,238,biscoito,13a5bb1e1d,3.1814
11,10,1000,0.549969,0.155383,5565,2491,241,biscoito,a40f2efb50,3.1837
11,11,1000,0.549957,0.156902,5544,2494,243,biscoito,8464ed2353,3.1323
11,12,1000,0.549630,0.156335,5557,2486,241,biscoito,09e3add33a,3.1819
11,13,1000,0.550884,0.157084,5577,2494,242,biscoito,3e92d8bd3c,3.1612
11,14,1000,0.549945,0.154539,5568,2495,238,biscoito,d0de9a8889,3.1990
11,15,1000,0.547337,0.154301,5575,2489,240,biscoito,ebe067fa06,3.2100
11,16,1000,0.554502,0.160107,5582,2526,247,biscoito,1cbe60043e,3.2267
11,17,1000,0.549901,0.156362,5578,2515,238,biscoito,070939eeac,3.1609
11,18,1000,0.548699,0.154565,5568,2487,240,biscoito,814df15805,3.2021
11,19,1000,0.545204,0.155075,5564,2482,241,biscoito,6bffed27b7,3.2581
12,0,1000,0.544653,0.153885,5559,2479,243,biscoito,7bccc9464d,3.1550
12,1,1000,0.548851,0.153928,5566,2493,237,biscoito,fb5dc51b9a,3.1747
12,2,1000,0.547105,0.154834,5562,2480,241,biscoito,abe699a285,3.2200
12,3,1000,0.551611,0.155455,5553,2483,240,biscoito,c2b190cca7,3.1652
12,4,1000,0.547337,0.154301,5575,2489,240,biscoito,ebe067fa06,3.2100
12,5,1000,0.547337,0.154301,5575,2489,240,biscoito,ebe067fa06,3.2100
12,6,1000,0.543251,0.153844,5562,2482,243,biscoito,005a851673,3.1437
12,7,1000,0.550680,0.154330,5567,2493,238,biscoito,bb4f4027fa,3.1112
12,8,1000,0.549294,0.155621,5556,2479,241,biscoito,644a8c1cd4,3.1358
12,9,1000,0.547964,0.156797,5534,2472,244,biscoito,7e6273ecfb,3.1958
12,10,1000,0.549358,0.155088,5574,2494,235,biscoito,a2e0764e18,3.2266
12,11,1000,0.549945,0.154539,5568,2495,238,biscoito,d0de9a8889,3.1990
12,12,1000,0.547796,0.153025,5571,2488,239,biscoito,806406119f,3.1539
12,13,1000,0.549082,0.154787,5566,2491,240,biscoito,625504cb24,3.1476
12,14,1000,0.544653,0.153885,5559,2479,243,biscoito,7bccc9464d,3.1550
12,15,1000,0.555405,0.155762,5563,2502,236,biscoito,d0d706f2a4,3.1460
12,16,1000,0.547337,0.154301,5575,2489,240,biscoito,ebe067fa06,3.2100
12,17,1000,0.549254,0.154490,5565,2490,239,biscoito,429b4709d8,3.1732
12,18,1000,0.549542,0.154386,5568,2489,239,biscoito,f7718ed558,3.2029
12,19,1000,0.550436,0.156272,5563,2493,244,biscoito,43cf757fc9,3.1645
13,0,1000,0.547796,0.153025,5571,2488,239,biscoito,806406119f,3.1539
13,1,1000,0.543251,0.153844,5562,2482,243,biscoito,005a851673,3.1437
13,2,1000,0.547720,0.154783,5564,2486,240,biscoito,09403c6b1b,3.1739
13,3,1000,0.547533,0.154179,5567,2477,241,biscoito,1b5e0c1c45,3.1736
13,4,1000,0.544070,0.154858,5561,2485,244,biscoito,4463402894,3.1492
13,5,1000,0.544825,0.153750,5561,2475,242,biscoito,6db996a012,3.1470
13,6,1000,0.547077,0.156557,5578,2482,240,biscoito,7865d2d959,3.2179
13,7,1000,0.549270,0.155574,5560,2485,241,biscoito,a5fbac0313,3.1647
13,8,1000,0.547796,0.153025,5571,2488,239,biscoito,806406119f,3.1539
13,9,1000,0.547337,0.154301,5575,2489,240,biscoito,ebe067fa06,3.2100
13,10,1000,0.547249,0.151871,5555,2472,238,biscoito,5e3eed8168,3.2180
13,11,1000,0.551259,0.158311,5576,2519,242,biscoito,5abe6c21f5,3.2072
13,12,1000,0.546199,0.154738,5577,2501,240,biscoito,8d356ed09b,3.2163
13,13,1000,0.547337,0.154301,5575,2489,240,biscoito,ebe067fa06,3.2100
13,14,1000,0.547796,0.153025,5571,2488,239,biscoito,806406119f,3.1539
13,15,1000,0.549542,0.154386,5568,2489,239,biscoito,f7718ed558,3.2029
13,16,1000,0.548523,0.158220,5565,2522,244,biscoito,482c07c341,3.1312
13,17,1000,0.548851,0.153928,5566,2493,237,biscoito,fb5dc51b9a,3.1747
13,18,1000,0.549562,0.155406,5568,2495,240,biscoito,1ea608826f,3.1911
13,19,1000,0.546953,0.153662,5572,2483,240,biscoito,7bb92d5ddd,3.1797
14,0,1000,0.547249,0.151871,5555,2472,238,biscoito,5e3eed8168,3.2180
14,1,1000,0.547796,0.153025,5571,2488,239,biscoito,806406119f,3.1539
14,2,1000,0.547796,0.153025,5571,2488,239,biscoito,806406119f,3.1539
14,3,1000,0.551475,0.159573,5587,2501,245,biscoito,77b4ff33a6,3.2519
14,4,1000,0.547141,0.153761,5574,2487,240,biscoito,c9155bc723,3.2310
14,5,1000,0.546953,0.153662,5572,2483,240,biscoito,7bb92d5ddd,3.1797
14,6,1000,0.549306,0.154516,5556,2484,239,biscoito,abaef35f8d,3.2457
14,7,1000,0.548711,0.158755,5572,2495,243,biscoito,3b3008a6e8,3.2304
14,8,1000,0.552793,0.156801,5564,2491,238,biscoito,2a75b45b26,3.2460
14,9,1000,0.548240,0.154350,5566,2485,240,biscoito,98228a9f98,3.1846
14,10,1000,0.547824,0.153137,5573,2491,239,biscoito,61d59d32e1,3.1938
14,11,1000,0.547892,0.154140,5563,2476,241,biscoito,2facaa790e,3.1430
14,12,1000,0.546314,0.154612,5560,2472,242,biscoito,67fbc1706e,3.2072
14,13,1000,0.547285,0.152188,5556,2484,238,biscoito,2c601dd180,3.1968
14,14,1000,0.547796,0.153025,5571,2488,239,biscoito,806406119f,3.1539
14,15,1000,0.547321,0.152966,5558,2492,240,biscoito,27c78e298e,3.1508
14,16,1000,0.547796,0.153025,5571,2488,239,biscoito,806406119f,3.1539
14,17,1000,0.547796,0.153025,5571,2488,239,biscoito,806406119f,3.1539
14,18,1000,0.547517,0.155436,5570,2502,244,biscoito,add3ef574b,3.3041
14,19,1000,0.548104,0.157108,5567,2499,241,biscoito,989bf96671,3.2301
15,0,1000,0.547249,0.151871,5555,2472,238,biscoito,5e3eed8168,3.2180
15,1,1000,0.547285,0.152188,5556,2484,238,biscoito,2c601dd180,3.1968
15,2,1000,0.548256,0.153989,5575,2494,239,biscoito,00d6a3e982,3.2307
15,3,1000,0.547736,0.157782,5572,2488,243,biscoito,4407d305e1,3.1373
15,4,1000,0.548000,0.153868,5536,2465,238,biscoito,f0ee63ad0c,3.1759
15,5,1000,0.547141,0.153761,5574,2487,240,biscoito,c9155bc723,3.2310
15,6,1000,0.547249,0.151871,5555,2472,238,biscoito,5e3eed8168,3.2180
15,7,1000,0.547796,0.153025,5571,2488,239,biscoito,806406119f,3.1539
15,8,1000,0.546163,0.153596,5567,2476,240,biscoito,e03356d1bc,3.1611
15,9,1000,0.546949,0.153779,5569,2479,241,biscoito,b7605974a8,3.1600
15,10,1000,0.546027,0.151933,5549,2474,238,biscoito,d1d054e46c,3.1712
15,11,1000,0.546810,0.153458,5558,2484,241,biscoito,4f5069f459,3.2377
15,12,1000,0.549190,0.153243,5563,2488,237,biscoito,7ae77c73fa,3.2052
15,13,1000,0.548044,0.153570,5556,2489,240,biscoito,e13192fd14,3.2469
15,14,1000,0.547936,0.153869,5575,2487,239,biscoito,d8d5a68a79,3.1757
15,15,1000,0.546866,0.152872,5574,2487,239,biscoito,ba999f994f,3.2038
15,16,1000,0.548280,0.153984,5573,2491,240,biscoito,d9ee8c8bec,3.2316
15,17,1000,0.551798,0.155192,5579,2509,238,biscoito,809ce16acc,3.2194
15,18,1000,0.550213,0.154385,5568,2508,241,biscoito,5b487691b9,3.2607
15,19,1000,0.546949,0.152688,5567,2487,238,biscoito,a237fabe8b,3.1938
16,0,1000,0.547249,0.151871,5555,2472,238,biscoito,5e3eed8168,3.2180
16,1,1000,0.547249,0.151871,5555,2472,238,biscoito,5e3eed8168,3.2180
16,2,1000,0.548204,0.153092,5559,2482,238,biscoito,223ec5836a,3.2587
16,3,1000,0.547828,0.152198,5554,2473,237,biscoito,f19e1ca883,3.2740
16,4,1000,0.552749,0.152571,5533,2480,235,biscoito,d3181ff37b,3.2926
16,5,1000,0.548272,0.152797,5562,2485,238,biscoito,e205543bbc,3.2513
16,6,1000,0.547065,0.153645,5560,2477,240,biscoito,d30a268d69,3.1614
16,7,1000,0.549310,0.154447,5554,2476,239,biscoito,d177c6036a,3.1866
16,8,1000,0.548363,0.152743,5554,2472,238,biscoito,bfa955c764,3.2279
16,9,1000,0.547748,0.152811,5558,2481,237,biscoito,1475d536e8,3.1871
16,10,1000,0.546163,0.153596,5567,2476,240,biscoito,e03356d1bc,3.1611
16,11,1000,0.547249,0.151871,5555,2472,238,biscoito,5e3eed8168,3.2180
16,12,1000,0.546866,0.152872,5574,2487,239,biscoito,ba999f994f,3.2038
16,13,1000,0.548000,0.153868,5536,2465,238,biscoito,f0ee63ad0c,3.1759
16,14,1000,0.548244,0.153125,5560,2474,238,biscoito,32166c5eee,3.2210
16,15,1000,0.547800,0.152565,5567,2479,239,biscoito,17bed8782a,3.1296
16,16,1000,0.547249,0.151871,5555,2472,238,biscoito,5e3eed8168,3.2180
16,17,1000,0.547249,0.151871,5555,2472,238,biscoito,5e3eed8168,3.2180
16,18,1000,0.547249,0.151871,5555,2472,238,biscoito,5e3eed8168,3.2180
16,19,1000,0.549650,0.152413,5542,2466,235,biscoito,02ce1bd0ff,3.1771
17,0,1000,0.547249,0.151871,5555,2472,238,biscoito,5e3eed8168,3.2180
17,1,1000,0.547249,0.151871,5555,2472,238,biscoito,5e3eed8168,3.2180
17,2,1000,0.547249,0.151871,5555,2472,238,biscoito,5e3eed8168,3.2180
17,3,1000,0.547249,0.151871,5555,2472,238,biscoito,5e3eed8168,3.2180
17,4,1000,0.549090,0.152972,5548,2470,236,biscoito,5916b32ec2,3.3452
17,5,1000,0.555185,0.152323,5542,2472,235,biscoito,275f2c06c5,3.1725
17,6,1000,0.549494,0.153379,5552,2473,240,biscoito,96da70ab87,3.2255
17,7,1000,0.552897,0.154563,5566,2476,233,biscoito,2eb3c75992,3.1770
17,8,1000,0.558900,0.158985,5556,2465,240,biscoito,e8e0b2afac,3.1861
17,9,1000,0.547249,0.151871,5555,2472,238,biscoito,5e3eed8168,3.2180
17,10,1000,0.547249,0.151871,5555,2472,238,biscoito,5e3eed8168,3.2180
17,11,1000,0.547828,0.152198,5554,2473,237,biscoito,f19e1ca883,3.2740
17,12,1000,0.547249,0.151871,5555,2472,238,biscoito,5e3eed8168,3.2180
17,13,1000,0.547249,0.151871,5555,2472,238,biscoito,5e3eed8168,3.2180
17,14,1000,0.548751,0.151797,5541,2486,236,biscoito,91b2f81f5e,3.1759
17,15,1000,0.548172,0.157404,5523,2456,245,biscoito,33a6725cda,3.1619
17,16,1000,0.548603,0.153132,5543,2474,239,biscoito,b30db7bf76,3.1607
17,17,1000,0.552913,0.152343,5544,2477,234,biscoito,8442835716,3.1845
17,18,1000,0.549370,0.150321,5540,2477,235,biscoito,696f41a7f8,3.2824
17,19,1000,0.546925,0.151317,5557,2472,237,biscoito,82bf6a9f28,3.1475
18,0,1000,0.549370,0.150321,5540,2477,235,biscoito,696f41a7f8,3.2824
18,1,1000,0.546925,0.151317,5557,2472,237,biscoito,82bf6a9f28,3.1475
18,2,1000,0.549370,0.150321,5540,2477,235,biscoito,696f41a7f8,3.2824
18,3,1000,0.548751,0.151797,5541,2486,236,biscoito,91b2f81f5e,3.1759
18,4,1000,0.547249,0.151871,5555,2472,238,biscoito,5e3eed8168,3.2180
18,5,1000,0.547249,0.151871,5555,2472,238,biscoito,5e3eed8168,3.2180
18,6,1000,0.547249,0.151871,5555,2472,238,biscoito,5e3eed8168,3.2180
18,7,1000,0.551998,0.152018,5569,2481,237,biscoito,0ab3c29bae,3.2727
18,8,1000,0.547249,0.151871,5555,2472,238,biscoito,5e3eed8168,3.2180
18,9,1000,0.547249,0.151871,5555,2472,238,biscoito,5e3eed8168,3.2180
18,10,1000,0.547249,0.151871,5555,2472,238,biscoito,5e3eed8168,3.2180
18,11,1000,0.549370,0.150321,5540,2477,235,biscoito,696f41a7f8,3.2824
